id,farm_id,weight_tons,quality_grade,status
LOT-00001,FRM-0060,11.45,C,Packing
LOT-00002,FRM-0042,21.44,A,Packing
LOT-00003,FRM-0058,6.85,B,Storage
LOT-00004,FRM-0044,1.69,B,Quality
LOT-00005,FRM-0063,6.09,B,Packing
LOT-00006,FRM-0036,22.13,C,Packing
LOT-00007,FRM-0072,1.24,A,Intake
LOT-00008,FRM-0031,18.28,B,Quality
LOT-00009,FRM-0089,12.43,C,Storage
LOT-00010,FRM-0058,20.03,A,Packing
LOT-00011,FRM-0029,10.71,A,Packing
LOT-00012,FRM-0085,14.96,B,Packing
LOT-00013,FRM-0055,24.92,C,Packing
LOT-00014,FRM-0046,17.87,B,Packing
LOT-00015,FRM-0033,6.53,C,Quality
LOT-00016,FRM-0041,3.87,C,Quality
LOT-00017,FRM-0025,6.19,B,Packing
LOT-00018,FRM-0093,15.15,C,Packing
LOT-00019,FRM-0013,20.98,B,Quality
LOT-00020,FRM-0047,5.31,A,Quality
LOT-00021,FRM-0036,2.09,A,Packing
LOT-00022,FRM-0090,23.66,C,Storage
LOT-00023,FRM-0014,21.95,C,Packing
LOT-00024,FRM-0061,12.49,B,Quality
LOT-00025,FRM-0007,7.06,B,Intake
LOT-00026,FRM-0009,10.62,A,Intake
LOT-00027,FRM-0020,4.58,C,Packing
LOT-00028,FRM-0011,24.85,A,Storage
LOT-00029,FRM-0078,15.31,C,Quality
LOT-00030,FRM-0100,13.54,B,Storage
LOT-00031,FRM-0039,21.64,B,Packing
LOT-00032,FRM-0073,15.9,C,Intake
LOT-00033,FRM-0098,5.99,A,Packing
LOT-00034,FRM-0085,2.95,A,Quality
LOT-00035,FRM-0071,2.8,A,Storage
LOT-00036,FRM-0058,17.54,B,Packing
LOT-00037,FRM-0005,6.56,C,Packing
LOT-00038,FRM-0090,21.63,A,Quality
LOT-00039,FRM-0034,19.91,C,Quality
LOT-00040,FRM-0055,3.75,A,Quality
LOT-00041,FRM-0035,20.84,A,Intake
LOT-00042,FRM-0022,20.02,C,Packing
LOT-00043,FRM-0057,3.98,C,Packing
LOT-00044,FRM-0090,10.66,B,Storage
LOT-00045,FRM-0057,2.93,A,Storage
LOT-00046,FRM-0095,8.74,B,Intake
LOT-00047,FRM-0012,6.49,C,Intake
LOT-00048,FRM-0098,17.13,B,Intake
LOT-00049,FRM-0098,19.15,B,Storage
LOT-00050,FRM-0036,5.36,C,Storage
LOT-00051,FRM-0082,20.54,A,Storage
LOT-00052,FRM-0045,10.8,B,Intake
LOT-00053,FRM-0021,8.92,C,Storage
LOT-00054,FRM-0037,16.9,B,Intake
LOT-00055,FRM-0059,3.11,B,Packing
LOT-00056,FRM-0015,24.28,B,Intake
LOT-00057,FRM-0085,21.86,B,Storage
LOT-00058,FRM-0007,5.5,B,Storage
LOT-00059,FRM-0081,11.61,A,Quality
LOT-00060,FRM-0035,14.18,B,Storage
LOT-00061,FRM-0090,12.63,A,Quality
LOT-00062,FRM-0091,4.8,C,Intake
LOT-00063,FRM-0071,10.79,A,Intake
LOT-00064,FRM-0060,23.73,C,Quality
LOT-00065,FRM-0064,23.38,B,Packing
LOT-00066,FRM-0054,21.03,B,Quality
LOT-00067,FRM-0059,14.23,B,Quality
LOT-00068,FRM-0077,13.2,A,Intake
LOT-00069,FRM-0036,19.54,B,Packing
LOT-00070,FRM-0065,7.41,A,Packing
LOT-00071,FRM-0093,8.17,C,Storage
LOT-00072,FRM-0020,11.72,B,Packing
LOT-00073,FRM-0043,14.25,C,Storage
LOT-00074,FRM-0059,23.39,A,Quality
LOT-00075,FRM-0074,10.19,B,Intake
LOT-00076,FRM-0041,18.87,C,Storage
LOT-00077,FRM-0050,24.72,C,Quality
LOT-00078,FRM-0064,24.16,A,Packing
LOT-00079,FRM-0013,21.98,B,Intake
LOT-00080,FRM-0068,22.85,A,Quality
LOT-00081,FRM-0053,21.9,A,Intake
LOT-00082,FRM-0061,19.76,B,Packing
LOT-00083,FRM-0080,17.62,C,Intake
LOT-00084,FRM-0043,21.46,C,Storage
LOT-00085,FRM-0041,16.04,B,Intake
LOT-00086,FRM-0080,2.64,C,Packing
LOT-00087,FRM-0030,18.92,B,Intake
LOT-00088,FRM-0098,16.21,A,Storage
LOT-00089,FRM-0022,17.66,A,Intake
LOT-00090,FRM-0042,20.11,B,Packing
LOT-00091,FRM-0048,11.34,A,Storage
LOT-00092,FRM-0073,17.36,A,Quality
LOT-00093,FRM-0023,2.9,B,Quality
LOT-00094,FRM-0064,22.91,A,Quality
LOT-00095,FRM-0060,16.31,B,Packing
LOT-00096,FRM-0086,1.23,B,Packing
LOT-00097,FRM-0087,14.12,A,Storage
LOT-00098,FRM-0045,24.7,B,Storage
LOT-00099,FRM-0089,7.0,B,Quality
LOT-00100,FRM-0050,21.48,A,Quality
LOT-00101,FRM-0049,14.73,C,Packing
LOT-00102,FRM-0090,8.09,C,Storage
LOT-00103,FRM-0036,1.19,C,Intake
LOT-00104,FRM-0078,18.88,B,Quality
LOT-00105,FRM-0078,20.25,A,Quality
LOT-00106,FRM-0080,7.02,C,Quality
LOT-00107,FRM-0081,3.33,C,Intake
LOT-00108,FRM-0040,19.93,A,Packing
LOT-00109,FRM-0094,4.15,B,Packing
LOT-00110,FRM-0096,10.97,A,Quality
LOT-00111,FRM-0070,22.04,B,Packing
LOT-00112,FRM-0022,7.17,B,Packing
LOT-00113,FRM-0096,21.89,A,Storage
LOT-00114,FRM-0010,4.38,A,Storage
LOT-00115,FRM-0072,9.78,B,Intake
LOT-00116,FRM-0034,13.88,B,Packing
LOT-00117,FRM-0087,18.98,B,Storage
LOT-00118,FRM-0082,23.57,A,Quality
LOT-00119,FRM-0061,1.6,C,Packing
LOT-00120,FRM-0079,6.31,A,Storage
LOT-00121,FRM-0090,8.25,B,Intake
LOT-00122,FRM-0018,2.09,A,Packing
LOT-00123,FRM-0064,3.79,A,Quality
LOT-00124,FRM-0050,11.89,C,Storage
LOT-00125,FRM-0076,18.81,A,Storage
LOT-00126,FRM-0084,3.38,B,Storage
LOT-00127,FRM-0036,1.79,B,Quality
LOT-00128,FRM-0057,11.67,A,Packing
LOT-00129,FRM-0013,24.54,B,Packing
LOT-00130,FRM-0008,10.56,A,Intake
LOT-00131,FRM-0059,3.2,A,Intake
LOT-00132,FRM-0007,19.88,A,Quality
LOT-00133,FRM-0073,5.92,C,Quality
LOT-00134,FRM-0076,6.18,A,Packing
LOT-00135,FRM-0100,4.54,C,Intake
LOT-00136,FRM-0036,21.6,A,Quality
LOT-00137,FRM-0070,7.02,A,Intake
LOT-00138,FRM-0085,21.79,A,Intake
LOT-00139,FRM-0046,19.96,A,Packing
LOT-00140,FRM-0003,5.18,A,Quality
LOT-00141,FRM-0095,11.1,A,Intake
LOT-00142,FRM-0061,11.76,B,Intake
LOT-00143,FRM-0058,13.09,C,Intake
LOT-00144,FRM-0094,19.8,C,Packing
LOT-00145,FRM-0059,16.44,A,Intake
LOT-00146,FRM-0062,21.34,B,Intake
LOT-00147,FRM-0063,18.1,B,Intake
LOT-00148,FRM-0011,8.73,A,Intake
LOT-00149,FRM-0017,7.6,C,Packing
LOT-00150,FRM-0049,24.87,C,Packing
LOT-00151,FRM-0059,13.13,B,Intake
LOT-00152,FRM-0090,3.75,C,Quality
LOT-00153,FRM-0056,11.84,A,Storage
LOT-00154,FRM-0044,20.86,B,Storage
LOT-00155,FRM-0094,3.28,B,Packing
LOT-00156,FRM-0086,7.12,A,Storage
LOT-00157,FRM-0009,3.19,A,Intake
LOT-00158,FRM-0056,3.32,C,Packing
LOT-00159,FRM-0017,14.35,C,Packing
LOT-00160,FRM-0086,3.93,B,Storage
LOT-00161,FRM-0093,2.23,B,Packing
LOT-00162,FRM-0046,3.49,C,Quality
LOT-00163,FRM-0020,16.76,A,Intake
LOT-00164,FRM-0045,21.29,B,Intake
LOT-00165,FRM-0098,7.69,A,Storage
LOT-00166,FRM-0072,24.39,C,Intake
LOT-00167,FRM-0078,23.3,C,Packing
LOT-00168,FRM-0004,5.33,C,Packing
LOT-00169,FRM-0044,9.42,A,Quality
LOT-00170,FRM-0073,16.78,A,Quality
LOT-00171,FRM-0095,16.2,A,Intake
LOT-00172,FRM-0096,13.73,B,Storage
LOT-00173,FRM-0059,9.18,B,Packing
LOT-00174,FRM-0093,8.79,C,Intake
LOT-00175,FRM-0007,4.73,C,Intake
LOT-00176,FRM-0087,2.96,B,Storage
LOT-00177,FRM-0063,15.57,B,Packing
LOT-00178,FRM-0028,19.12,A,Packing
LOT-00179,FRM-0056,3.66,C,Storage
LOT-00180,FRM-0068,17.01,A,Quality
LOT-00181,FRM-0051,24.63,A,Intake
LOT-00182,FRM-0027,8.23,A,Quality
LOT-00183,FRM-0098,7.13,B,Intake
LOT-00184,FRM-0001,12.94,B,Quality
LOT-00185,FRM-0017,10.12,C,Quality
LOT-00186,FRM-0065,14.41,C,Packing
LOT-00187,FRM-0010,10.53,C,Intake
LOT-00188,FRM-0056,1.45,A,Packing
LOT-00189,FRM-0074,11.3,B,Storage
LOT-00190,FRM-0038,3.76,A,Packing
LOT-00191,FRM-0022,20.23,C,Storage
LOT-00192,FRM-0089,23.07,A,Storage
LOT-00193,FRM-0014,6.84,C,Storage
LOT-00194,FRM-0068,2.89,B,Packing
LOT-00195,FRM-0029,8.99,A,Intake
LOT-00196,FRM-0066,16.2,C,Quality
LOT-00197,FRM-0100,9.39,C,Quality
LOT-00198,FRM-0031,3.47,B,Quality
LOT-00199,FRM-0023,15.46,C,Intake
LOT-00200,FRM-0023,23.83,C,Storage
LOT-00201,FRM-0060,19.11,C,Storage
LOT-00202,FRM-0088,23.18,C,Packing
LOT-00203,FRM-0081,8.59,B,Intake
LOT-00204,FRM-0061,11.61,B,Packing
LOT-00205,FRM-0076,2.35,C,Intake
LOT-00206,FRM-0040,12.08,A,Intake
LOT-00207,FRM-0048,20.96,A,Intake
LOT-00208,FRM-0079,15.26,B,Storage
LOT-00209,FRM-0075,14.3,C,Intake
LOT-00210,FRM-0058,22.82,C,Quality
LOT-00211,FRM-0042,15.52,C,Quality
LOT-00212,FRM-0008,11.81,B,Intake
LOT-00213,FRM-0065,16.51,A,Quality
LOT-00214,FRM-0091,11.51,B,Quality
LOT-00215,FRM-0047,9.95,B,Storage
LOT-00216,FRM-0053,19.59,C,Intake
LOT-00217,FRM-0081,16.54,A,Packing
LOT-00218,FRM-0013,14.39,B,Packing
LOT-00219,FRM-0033,18.37,C,Quality
LOT-00220,FRM-0043,2.96,C,Quality
LOT-00221,FRM-0045,8.45,C,Storage
LOT-00222,FRM-0017,15.28,A,Packing
LOT-00223,FRM-0072,10.04,B,Quality
LOT-00224,FRM-0086,17.87,C,Intake
LOT-00225,FRM-0083,17.09,C,Packing
LOT-00226,FRM-0003,9.7,A,Quality
LOT-00227,FRM-0044,23.74,B,Quality
LOT-00228,FRM-0029,25.0,A,Intake
LOT-00229,FRM-0038,21.27,A,Intake
LOT-00230,FRM-0085,9.08,C,Quality
LOT-00231,FRM-0077,10.04,A,Quality
LOT-00232,FRM-0089,19.51,A,Storage
LOT-00233,FRM-0006,10.86,C,Quality
LOT-00234,FRM-0057,15.65,C,Storage
LOT-00235,FRM-0030,13.82,B,Storage
LOT-00236,FRM-0025,9.83,C,Storage
LOT-00237,FRM-0060,19.47,B,Storage
LOT-00238,FRM-0021,20.61,C,Quality
LOT-00239,FRM-0033,2.25,B,Packing
LOT-00240,FRM-0071,23.42,C,Intake
LOT-00241,FRM-0037,3.01,A,Packing
LOT-00242,FRM-0058,22.73,A,Storage
LOT-00243,FRM-0012,23.71,A,Storage
LOT-00244,FRM-0045,23.33,B,Intake
LOT-00245,FRM-0051,13.05,A,Storage
LOT-00246,FRM-0011,10.0,A,Packing
LOT-00247,FRM-0013,21.14,C,Packing
LOT-00248,FRM-0019,4.3,B,Storage
LOT-00249,FRM-0090,20.95,C,Storage
LOT-00250,FRM-0058,15.77,A,Intake
LOT-00251,FRM-0033,6.18,A,Storage
LOT-00252,FRM-0015,19.63,A,Packing
LOT-00253,FRM-0016,2.15,B,Storage
LOT-00254,FRM-0009,3.66,B,Intake
LOT-00255,FRM-0081,13.37,A,Quality
LOT-00256,FRM-0038,11.3,C,Packing
LOT-00257,FRM-0031,14.7,A,Intake
LOT-00258,FRM-0068,24.39,A,Intake
LOT-00259,FRM-0050,21.96,A,Storage
LOT-00260,FRM-0048,7.09,A,Packing
LOT-00261,FRM-0009,9.28,C,Intake
LOT-00262,FRM-0099,14.97,B,Quality
LOT-00263,FRM-0006,9.46,B,Quality
LOT-00264,FRM-0100,17.43,C,Storage
LOT-00265,FRM-0081,5.37,A,Intake
LOT-00266,FRM-0092,19.63,B,Intake
LOT-00267,FRM-0038,5.84,A,Intake
LOT-00268,FRM-0041,23.4,C,Storage
LOT-00269,FRM-0070,12.36,A,Quality
LOT-00270,FRM-0037,9.57,A,Packing
LOT-00271,FRM-0035,3.99,B,Storage
LOT-00272,FRM-0052,18.84,B,Packing
LOT-00273,FRM-0024,12.91,B,Packing
LOT-00274,FRM-0067,7.4,A,Storage
LOT-00275,FRM-0011,11.33,A,Packing
LOT-00276,FRM-0042,3.46,B,Packing
LOT-00277,FRM-0040,11.7,C,Storage
LOT-00278,FRM-0022,17.55,B,Storage
LOT-00279,FRM-0006,18.44,B,Storage
LOT-00280,FRM-0036,16.35,A,Intake
LOT-00281,FRM-0086,16.3,B,Quality
LOT-00282,FRM-0004,4.43,C,Storage
LOT-00283,FRM-0005,4.03,A,Packing
LOT-00284,FRM-0047,10.19,C,Intake
LOT-00285,FRM-0078,4.68,B,Packing
LOT-00286,FRM-0048,11.65,A,Quality
LOT-00287,FRM-0068,9.81,B,Packing
LOT-00288,FRM-0032,24.05,A,Quality
LOT-00289,FRM-0064,13.43,C,Intake
LOT-00290,FRM-0034,19.6,C,Storage
LOT-00291,FRM-0028,24.91,B,Storage
LOT-00292,FRM-0026,3.94,A,Storage
LOT-00293,FRM-0023,22.57,B,Intake
LOT-00294,FRM-0088,24.22,B,Packing
LOT-00295,FRM-0091,2.56,C,Packing
LOT-00296,FRM-0039,21.43,C,Quality
LOT-00297,FRM-0047,13.21,A,Quality
LOT-00298,FRM-0018,6.68,B,Intake
LOT-00299,FRM-0047,14.3,B,Storage
LOT-00300,FRM-0071,4.11,A,Intake
LOT-00301,FRM-0040,10.56,C,Storage
LOT-00302,FRM-0068,10.86,B,Intake
LOT-00303,FRM-0017,24.34,C,Intake
LOT-00304,FRM-0058,12.18,C,Packing
LOT-00305,FRM-0017,22.07,C,Quality
LOT-00306,FRM-0099,24.19,B,Intake
LOT-00307,FRM-0016,13.43,B,Quality
LOT-00308,FRM-0021,8.74,C,Quality
LOT-00309,FRM-0045,23.74,C,Packing
LOT-00310,FRM-0011,7.01,C,Packing
LOT-00311,FRM-0017,16.0,C,Intake
LOT-00312,FRM-0065,16.38,C,Quality
LOT-00313,FRM-0022,16.81,C,Packing
LOT-00314,FRM-0073,1.99,A,Intake
LOT-00315,FRM-0006,23.77,C,Packing
LOT-00316,FRM-0084,6.06,C,Storage
LOT-00317,FRM-0080,16.34,B,Packing
LOT-00318,FRM-0083,23.96,B,Quality
LOT-00319,FRM-0088,10.75,B,Intake
LOT-00320,FRM-0089,2.44,B,Storage
LOT-00321,FRM-0062,12.15,B,Quality
LOT-00322,FRM-0041,21.68,B,Packing
LOT-00323,FRM-0052,4.14,B,Intake
LOT-00324,FRM-0041,6.8,A,Packing
LOT-00325,FRM-0058,6.95,A,Intake
LOT-00326,FRM-0038,23.69,C,Storage
LOT-00327,FRM-0032,24.1,A,Packing
LOT-00328,FRM-0074,18.31,A,Quality
LOT-00329,FRM-0064,24.9,B,Storage
LOT-00330,FRM-0040,12.94,A,Storage
LOT-00331,FRM-0065,11.97,A,Quality
LOT-00332,FRM-0075,9.47,A,Packing
LOT-00333,FRM-0064,15.34,C,Storage
LOT-00334,FRM-0037,13.88,A,Storage
LOT-00335,FRM-0018,22.18,C,Packing
LOT-00336,FRM-0098,10.68,A,Storage
LOT-00337,FRM-0007,14.69,A,Packing
LOT-00338,FRM-0071,7.93,B,Storage
LOT-00339,FRM-0098,14.2,C,Intake
LOT-00340,FRM-0017,24.4,B,Packing
LOT-00341,FRM-0044,14.39,B,Quality
LOT-00342,FRM-0026,15.46,B,Intake
LOT-00343,FRM-0006,1.93,C,Packing
LOT-00344,FRM-0061,13.46,A,Quality
LOT-00345,FRM-0042,23.35,B,Quality
LOT-00346,FRM-0051,24.77,C,Packing
LOT-00347,FRM-0076,9.07,C,Storage
LOT-00348,FRM-0091,14.51,B,Intake
LOT-00349,FRM-0048,8.95,A,Storage
LOT-00350,FRM-0075,8.38,C,Intake
LOT-00351,FRM-0077,12.39,C,Quality
LOT-00352,FRM-0093,2.23,B,Quality
LOT-00353,FRM-0068,16.1,C,Storage
LOT-00354,FRM-0019,20.72,A,Intake
LOT-00355,FRM-0074,23.76,A,Quality
LOT-00356,FRM-0003,11.58,B,Quality
LOT-00357,FRM-0053,17.57,B,Storage
LOT-00358,FRM-0095,18.46,C,Quality
LOT-00359,FRM-0067,5.98,B,Storage
LOT-00360,FRM-0068,10.04,A,Storage
LOT-00361,FRM-0069,9.22,B,Packing
LOT-00362,FRM-0079,12.62,A,Packing
LOT-00363,FRM-0072,8.16,B,Packing
LOT-00364,FRM-0091,5.97,C,Storage
LOT-00365,FRM-0041,12.52,C,Packing
LOT-00366,FRM-0037,3.92,C,Storage
LOT-00367,FRM-0051,20.64,A,Packing
LOT-00368,FRM-0006,7.9,C,Intake
LOT-00369,FRM-0045,23.18,C,Packing
LOT-00370,FRM-0096,12.5,A,Packing
LOT-00371,FRM-0072,17.71,A,Intake
LOT-00372,FRM-0079,18.78,A,Quality
LOT-00373,FRM-0007,17.08,C,Quality
LOT-00374,FRM-0082,6.59,A,Storage
LOT-00375,FRM-0043,18.22,A,Quality
LOT-00376,FRM-0001,24.15,A,Storage
LOT-00377,FRM-0084,23.44,B,Storage
LOT-00378,FRM-0084,5.79,B,Packing
LOT-00379,FRM-0037,16.5,A,Quality
LOT-00380,FRM-0069,18.73,A,Quality
LOT-00381,FRM-0054,22.17,A,Intake
LOT-00382,FRM-0051,19.91,A,Packing
LOT-00383,FRM-0005,1.22,C,Intake
LOT-00384,FRM-0043,7.83,C,Storage
LOT-00385,FRM-0018,21.43,B,Packing
LOT-00386,FRM-0025,20.41,B,Quality
LOT-00387,FRM-0094,12.01,B,Quality
LOT-00388,FRM-0002,18.68,B,Quality
LOT-00389,FRM-0023,15.66,C,Storage
LOT-00390,FRM-0055,13.37,A,Storage
LOT-00391,FRM-0086,3.29,A,Storage
LOT-00392,FRM-0042,23.46,A,Packing
LOT-00393,FRM-0050,6.65,B,Packing
LOT-00394,FRM-0039,14.98,C,Intake
LOT-00395,FRM-0034,16.69,C,Quality
LOT-00396,FRM-0008,17.03,B,Packing
LOT-00397,FRM-0021,10.73,C,Packing
LOT-00398,FRM-0089,3.82,B,Packing
LOT-00399,FRM-0079,6.3,A,Storage
LOT-00400,FRM-0020,11.92,C,Packing
LOT-00401,FRM-0054,17.85,B,Quality
LOT-00402,FRM-0098,6.94,C,Intake
LOT-00403,FRM-0068,11.72,C,Packing
LOT-00404,FRM-0010,23.01,A,Intake
LOT-00405,FRM-0071,22.67,A,Quality
LOT-00406,FRM-0022,8.87,C,Storage
LOT-00407,FRM-0015,17.33,C,Storage
LOT-00408,FRM-0012,22.57,B,Intake
LOT-00409,FRM-0059,4.17,B,Storage
LOT-00410,FRM-0073,2.39,B,Packing
LOT-00411,FRM-0093,1.52,B,Intake
LOT-00412,FRM-0096,6.23,A,Intake
LOT-00413,FRM-0055,9.27,A,Intake
LOT-00414,FRM-0009,24.67,B,Intake
LOT-00415,FRM-0037,10.81,A,Storage
LOT-00416,FRM-0048,24.83,B,Storage
LOT-00417,FRM-0049,10.02,C,Quality
LOT-00418,FRM-0084,21.65,A,Quality
LOT-00419,FRM-0069,10.43,A,Quality
LOT-00420,FRM-0001,19.15,B,Storage
LOT-00421,FRM-0087,18.26,B,Storage
LOT-00422,FRM-0030,6.94,B,Quality
LOT-00423,FRM-0036,5.52,C,Intake
LOT-00424,FRM-0005,20.43,B,Intake
LOT-00425,FRM-0031,5.95,A,Intake
LOT-00426,FRM-0058,15.35,C,Intake
LOT-00427,FRM-0032,18.77,B,Storage
LOT-00428,FRM-0030,13.95,A,Quality
LOT-00429,FRM-0065,24.84,A,Packing
LOT-00430,FRM-0074,15.35,C,Packing
LOT-00431,FRM-0031,8.24,A,Quality
LOT-00432,FRM-0053,8.21,A,Quality
LOT-00433,FRM-0081,17.29,C,Storage
LOT-00434,FRM-0007,24.33,C,Storage
LOT-00435,FRM-0068,8.65,B,Storage
LOT-00436,FRM-0020,8.2,A,Storage
LOT-00437,FRM-0031,21.38,B,Quality
LOT-00438,FRM-0060,22.95,C,Storage
LOT-00439,FRM-0054,14.37,A,Storage
LOT-00440,FRM-0032,7.12,B,Intake
LOT-00441,FRM-0058,21.33,A,Quality
LOT-00442,FRM-0007,7.44,C,Intake
LOT-00443,FRM-0010,5.52,C,Quality
LOT-00444,FRM-0062,6.01,B,Packing
LOT-00445,FRM-0002,6.08,A,Intake
LOT-00446,FRM-0096,24.99,B,Quality
LOT-00447,FRM-0090,15.51,A,Storage
LOT-00448,FRM-0031,14.25,B,Storage
LOT-00449,FRM-0060,13.81,B,Packing
LOT-00450,FRM-0034,9.63,B,Storage
LOT-00451,FRM-0013,20.27,C,Storage
LOT-00452,FRM-0098,21.15,A,Packing
LOT-00453,FRM-0041,10.93,C,Quality
LOT-00454,FRM-0095,4.5,B,Storage
LOT-00455,FRM-0038,4.66,B,Quality
LOT-00456,FRM-0049,14.67,A,Storage
LOT-00457,FRM-0071,16.71,C,Packing
LOT-00458,FRM-0033,19.32,B,Storage
LOT-00459,FRM-0059,5.04,B,Quality
LOT-00460,FRM-0018,18.29,B,Quality
LOT-00461,FRM-0070,24.77,A,Intake
LOT-00462,FRM-0010,23.68,C,Intake
LOT-00463,FRM-0098,1.15,A,Quality
LOT-00464,FRM-0009,17.97,A,Quality
LOT-00465,FRM-0065,11.94,A,Storage
LOT-00466,FRM-0085,12.71,A,Storage
LOT-00467,FRM-0002,1.4,C,Packing
LOT-00468,FRM-0069,24.46,A,Storage
LOT-00469,FRM-0023,3.57,A,Quality
LOT-00470,FRM-0031,5.61,C,Packing
LOT-00471,FRM-0046,7.42,B,Intake
LOT-00472,FRM-0048,24.02,B,Quality
LOT-00473,FRM-0090,6.42,C,Intake
LOT-00474,FRM-0084,24.8,C,Intake
LOT-00475,FRM-0012,10.73,B,Storage
LOT-00476,FRM-0008,16.28,C,Quality
LOT-00477,FRM-0011,13.0,B,Packing
LOT-00478,FRM-0073,24.46,A,Intake
LOT-00479,FRM-0030,6.07,C,Storage
LOT-00480,FRM-0035,2.12,A,Packing
LOT-00481,FRM-0070,14.52,A,Quality
LOT-00482,FRM-0041,1.38,A,Quality
LOT-00483,FRM-0097,20.7,B,Intake
LOT-00484,FRM-0039,4.9,A,Storage
LOT-00485,FRM-0087,22.52,B,Storage
LOT-00486,FRM-0097,18.75,C,Intake
LOT-00487,FRM-0065,18.89,B,Intake
LOT-00488,FRM-0013,11.49,A,Packing
LOT-00489,FRM-0078,19.46,C,Storage
LOT-00490,FRM-0100,8.83,C,Packing
LOT-00491,FRM-0058,12.77,B,Storage
LOT-00492,FRM-0056,5.46,C,Storage
LOT-00493,FRM-0011,19.53,B,Quality
LOT-00494,FRM-0092,2.76,B,Quality
LOT-00495,FRM-0049,18.08,C,Quality
LOT-00496,FRM-0095,10.35,B,Intake
LOT-00497,FRM-0012,1.12,B,Storage
LOT-00498,FRM-0047,19.27,A,Quality
LOT-00499,FRM-0012,5.5,B,Storage
LOT-00500,FRM-0014,1.63,B,Intake
LOT-00501,FRM-0077,15.35,B,Storage
LOT-00502,FRM-0002,8.0,B,Intake
LOT-00503,FRM-0093,22.63,A,Quality
LOT-00504,FRM-0088,10.14,A,Packing
LOT-00505,FRM-0039,7.44,A,Intake
LOT-00506,FRM-0022,11.43,B,Packing
LOT-00507,FRM-0062,19.78,B,Packing
LOT-00508,FRM-0032,18.3,B,Quality
LOT-00509,FRM-0059,3.57,B,Intake
LOT-00510,FRM-0051,8.97,C,Storage
LOT-00511,FRM-0043,11.57,B,Quality
LOT-00512,FRM-0039,8.7,C,Quality
LOT-00513,FRM-0062,8.54,B,Packing
LOT-00514,FRM-0038,18.64,C,Storage
LOT-00515,FRM-0074,19.77,B,Storage
LOT-00516,FRM-0036,20.6,B,Packing
LOT-00517,FRM-0015,23.37,A,Quality
LOT-00518,FRM-0088,19.42,A,Storage
LOT-00519,FRM-0091,6.03,B,Intake
LOT-00520,FRM-0053,17.15,A,Packing
LOT-00521,FRM-0031,7.06,A,Storage
LOT-00522,FRM-0049,2.78,C,Storage
LOT-00523,FRM-0075,10.62,C,Storage
LOT-00524,FRM-0070,1.88,B,Intake
LOT-00525,FRM-0014,19.45,C,Packing
LOT-00526,FRM-0022,16.53,A,Storage
LOT-00527,FRM-0097,8.96,B,Intake
LOT-00528,FRM-0002,3.37,A,Quality
LOT-00529,FRM-0058,9.98,B,Quality
LOT-00530,FRM-0045,24.94,B,Intake
LOT-00531,FRM-0038,10.98,A,Intake
LOT-00532,FRM-0094,4.4,B,Packing
LOT-00533,FRM-0059,19.82,C,Storage
LOT-00534,FRM-0045,12.43,B,Storage
LOT-00535,FRM-0041,2.61,A,Intake
LOT-00536,FRM-0003,21.38,C,Intake
LOT-00537,FRM-0087,20.2,C,Quality
LOT-00538,FRM-0067,5.19,A,Packing
LOT-00539,FRM-0072,11.23,B,Quality
LOT-00540,FRM-0052,16.11,A,Storage
LOT-00541,FRM-0051,1.7,C,Quality
LOT-00542,FRM-0058,15.21,B,Intake
LOT-00543,FRM-0091,6.16,B,Intake
LOT-00544,FRM-0074,3.44,C,Quality
LOT-00545,FRM-0047,8.82,B,Intake
LOT-00546,FRM-0034,17.1,B,Packing
LOT-00547,FRM-0077,10.33,B,Intake
LOT-00548,FRM-0045,9.45,B,Quality
LOT-00549,FRM-0087,17.94,B,Intake
LOT-00550,FRM-0087,4.21,A,Quality
LOT-00551,FRM-0040,3.81,B,Quality
LOT-00552,FRM-0066,10.32,C,Quality
LOT-00553,FRM-0074,10.21,A,Storage
LOT-00554,FRM-0082,13.9,C,Quality
LOT-00555,FRM-0072,5.0,B,Quality
LOT-00556,FRM-0024,8.55,B,Intake
LOT-00557,FRM-0046,23.84,B,Quality
LOT-00558,FRM-0025,20.57,C,Storage
LOT-00559,FRM-0053,17.43,B,Storage
LOT-00560,FRM-0063,5.01,C,Intake
LOT-00561,FRM-0098,6.29,A,Packing
LOT-00562,FRM-0029,13.9,A,Storage
LOT-00563,FRM-0073,18.82,B,Intake
LOT-00564,FRM-0074,3.74,C,Packing
LOT-00565,FRM-0070,20.74,A,Storage
LOT-00566,FRM-0070,6.25,B,Intake
LOT-00567,FRM-0095,20.92,A,Packing
LOT-00568,FRM-0005,11.79,B,Intake
LOT-00569,FRM-0057,21.77,A,Quality
LOT-00570,FRM-0027,20.46,C,Packing
LOT-00571,FRM-0091,15.65,B,Quality
LOT-00572,FRM-0079,4.34,A,Quality
LOT-00573,FRM-0008,14.68,C,Packing
LOT-00574,FRM-0077,13.93,B,Packing
LOT-00575,FRM-0038,14.75,C,Intake
LOT-00576,FRM-0018,24.11,B,Intake
LOT-00577,FRM-0036,21.81,A,Quality
LOT-00578,FRM-0032,4.51,B,Quality
LOT-00579,FRM-0098,21.25,B,Storage
LOT-00580,FRM-0019,14.86,B,Storage
LOT-00581,FRM-0049,11.85,C,Intake
LOT-00582,FRM-0052,13.37,B,Packing
LOT-00583,FRM-0059,23.81,B,Intake
LOT-00584,FRM-0100,21.33,A,Storage
LOT-00585,FRM-0082,16.94,B,Intake
LOT-00586,FRM-0069,10.55,B,Quality
LOT-00587,FRM-0064,7.44,B,Packing
LOT-00588,FRM-0071,14.87,C,Storage
LOT-00589,FRM-0044,22.46,A,Intake
LOT-00590,FRM-0013,16.03,B,Intake
LOT-00591,FRM-0016,23.31,A,Storage
LOT-00592,FRM-0059,1.02,B,Quality
LOT-00593,FRM-0089,22.83,C,Packing
LOT-00594,FRM-0021,21.99,B,Intake
LOT-00595,FRM-0084,9.65,A,Packing
LOT-00596,FRM-0086,22.69,A,Intake
LOT-00597,FRM-0051,16.01,C,Quality
LOT-00598,FRM-0055,16.73,C,Intake
LOT-00599,FRM-0001,6.12,A,Quality
LOT-00600,FRM-0076,6.43,C,Storage
LOT-00601,FRM-0002,1.19,B,Intake
LOT-00602,FRM-0055,17.66,B,Intake
LOT-00603,FRM-0030,10.19,C,Intake
LOT-00604,FRM-0014,8.52,B,Quality
LOT-00605,FRM-0049,19.56,A,Quality
LOT-00606,FRM-0009,13.73,A,Quality
LOT-00607,FRM-0057,9.43,A,Quality
LOT-00608,FRM-0053,15.79,B,Quality
LOT-00609,FRM-0012,22.52,A,Intake
LOT-00610,FRM-0076,18.52,B,Storage
LOT-00611,FRM-0041,19.99,A,Packing
LOT-00612,FRM-0083,3.02,C,Packing
LOT-00613,FRM-0100,23.59,A,Packing
LOT-00614,FRM-0027,13.43,C,Quality
LOT-00615,FRM-0096,10.4,C,Intake
LOT-00616,FRM-0031,12.88,A,Quality
LOT-00617,FRM-0064,16.31,A,Intake
LOT-00618,FRM-0047,23.41,A,Storage
LOT-00619,FRM-0073,11.1,C,Quality
LOT-00620,FRM-0098,12.3,A,Intake
LOT-00621,FRM-0076,2.62,B,Quality
LOT-00622,FRM-0006,23.14,B,Packing
LOT-00623,FRM-0081,18.1,B,Storage
LOT-00624,FRM-0090,10.65,C,Quality
LOT-00625,FRM-0036,3.01,A,Quality
LOT-00626,FRM-0020,13.87,B,Intake
LOT-00627,FRM-0040,17.77,C,Quality
LOT-00628,FRM-0008,6.87,B,Intake
LOT-00629,FRM-0059,15.7,A,Packing
LOT-00630,FRM-0086,18.8,C,Quality
LOT-00631,FRM-0016,1.3,A,Intake
LOT-00632,FRM-0021,12.91,B,Packing
LOT-00633,FRM-0022,9.92,C,Packing
LOT-00634,FRM-0094,22.27,A,Packing
LOT-00635,FRM-0055,7.53,A,Packing
LOT-00636,FRM-0092,24.4,C,Intake
LOT-00637,FRM-0064,11.92,B,Intake
LOT-00638,FRM-0064,21.62,A,Packing
LOT-00639,FRM-0021,7.12,A,Intake
LOT-00640,FRM-0030,18.78,A,Intake
LOT-00641,FRM-0002,6.87,B,Packing
LOT-00642,FRM-0050,23.09,A,Intake
LOT-00643,FRM-0071,20.27,C,Storage
LOT-00644,FRM-0029,8.72,B,Packing
LOT-00645,FRM-0035,20.82,C,Packing
LOT-00646,FRM-0016,13.05,A,Quality
LOT-00647,FRM-0029,20.3,A,Storage
LOT-00648,FRM-0009,22.05,B,Packing
LOT-00649,FRM-0042,3.07,B,Intake
LOT-00650,FRM-0048,5.82,C,Packing
LOT-00651,FRM-0095,15.95,B,Packing
LOT-00652,FRM-0076,24.32,A,Quality
LOT-00653,FRM-0020,1.15,B,Intake
LOT-00654,FRM-0030,14.0,C,Intake
LOT-00655,FRM-0043,1.04,C,Storage
LOT-00656,FRM-0095,18.45,A,Quality
LOT-00657,FRM-0068,24.59,B,Storage
LOT-00658,FRM-0008,24.34,A,Packing
LOT-00659,FRM-0012,2.05,A,Storage
LOT-00660,FRM-0090,22.49,B,Intake
LOT-00661,FRM-0075,3.29,A,Storage
LOT-00662,FRM-0010,15.21,A,Storage
LOT-00663,FRM-0085,24.14,A,Packing
LOT-00664,FRM-0034,21.42,B,Packing
LOT-00665,FRM-0041,11.87,A,Intake
LOT-00666,FRM-0026,4.27,C,Intake
LOT-00667,FRM-0020,3.54,B,Storage
LOT-00668,FRM-0041,10.76,C,Packing
LOT-00669,FRM-0099,5.98,B,Storage
LOT-00670,FRM-0034,21.46,A,Quality
LOT-00671,FRM-0088,8.3,C,Intake
LOT-00672,FRM-0028,21.06,B,Quality
LOT-00673,FRM-0012,18.07,B,Storage
LOT-00674,FRM-0066,2.17,B,Packing
LOT-00675,FRM-0023,1.75,B,Storage
LOT-00676,FRM-0072,18.95,A,Intake
LOT-00677,FRM-0060,3.45,A,Intake
LOT-00678,FRM-0002,2.48,A,Quality
LOT-00679,FRM-0026,20.77,B,Intake
LOT-00680,FRM-0075,15.07,A,Intake
LOT-00681,FRM-0009,5.75,C,Storage
LOT-00682,FRM-0017,3.21,B,Intake
LOT-00683,FRM-0006,23.61,A,Quality
LOT-00684,FRM-0074,11.4,C,Storage
LOT-00685,FRM-0064,1.71,C,Storage
LOT-00686,FRM-0023,9.49,A,Packing
LOT-00687,FRM-0036,11.7,A,Intake
LOT-00688,FRM-0079,15.86,A,Packing
LOT-00689,FRM-0064,10.89,C,Storage
LOT-00690,FRM-0008,3.11,B,Quality
LOT-00691,FRM-0054,5.79,C,Quality
LOT-00692,FRM-0081,24.86,C,Intake
LOT-00693,FRM-0049,19.77,B,Storage
LOT-00694,FRM-0070,19.75,B,Packing
LOT-00695,FRM-0050,7.49,A,Packing
LOT-00696,FRM-0077,6.26,B,Intake
LOT-00697,FRM-0061,13.71,C,Quality
LOT-00698,FRM-0021,3.4,C,Quality
LOT-00699,FRM-0035,13.81,C,Intake
LOT-00700,FRM-0098,24.91,A,Storage
LOT-00701,FRM-0046,23.44,A,Quality
LOT-00702,FRM-0031,15.22,C,Packing
LOT-00703,FRM-0076,1.68,C,Packing
LOT-00704,FRM-0073,14.53,C,Quality
LOT-00705,FRM-0064,14.01,A,Storage
LOT-00706,FRM-0005,3.17,A,Quality
LOT-00707,FRM-0003,13.63,A,Packing
LOT-00708,FRM-0079,5.84,A,Packing
LOT-00709,FRM-0092,5.26,B,Intake
LOT-00710,FRM-0003,4.55,C,Quality
LOT-00711,FRM-0100,3.66,C,Packing
LOT-00712,FRM-0010,9.97,C,Storage
LOT-00713,FRM-0076,3.42,B,Packing
LOT-00714,FRM-0018,24.42,C,Storage
LOT-00715,FRM-0082,24.06,C,Packing
LOT-00716,FRM-0023,17.97,C,Packing
LOT-00717,FRM-0029,16.97,A,Storage
LOT-00718,FRM-0040,18.62,B,Quality
LOT-00719,FRM-0023,18.49,C,Storage
LOT-00720,FRM-0099,24.16,A,Quality
LOT-00721,FRM-0078,8.64,C,Quality
LOT-00722,FRM-0082,14.57,B,Quality
LOT-00723,FRM-0043,18.89,A,Packing
LOT-00724,FRM-0041,5.03,A,Packing
LOT-00725,FRM-0058,1.27,A,Quality
LOT-00726,FRM-0089,2.63,B,Intake
LOT-00727,FRM-0093,1.03,B,Storage
LOT-00728,FRM-0094,11.07,A,Storage
LOT-00729,FRM-0064,22.16,B,Storage
LOT-00730,FRM-0013,20.89,C,Quality
LOT-00731,FRM-0021,11.83,A,Packing
LOT-00732,FRM-0003,8.65,A,Intake
LOT-00733,FRM-0044,5.08,B,Quality
LOT-00734,FRM-0094,2.8,A,Packing
LOT-00735,FRM-0077,24.65,B,Intake
LOT-00736,FRM-0056,23.62,A,Storage
LOT-00737,FRM-0021,2.29,B,Quality
LOT-00738,FRM-0025,10.82,C,Packing
LOT-00739,FRM-0085,7.76,A,Intake
LOT-00740,FRM-0007,10.43,C,Storage
LOT-00741,FRM-0020,2.31,A,Storage
LOT-00742,FRM-0012,8.07,C,Storage
LOT-00743,FRM-0026,3.33,A,Quality
LOT-00744,FRM-0082,8.0,A,Storage
LOT-00745,FRM-0015,8.4,B,Storage
LOT-00746,FRM-0063,22.48,B,Intake
LOT-00747,FRM-0083,14.06,A,Packing
LOT-00748,FRM-0049,9.87,B,Intake
LOT-00749,FRM-0034,11.55,B,Quality
LOT-00750,FRM-0035,14.54,A,Intake
LOT-00751,FRM-0011,17.04,C,Storage
LOT-00752,FRM-0097,15.15,C,Intake
LOT-00753,FRM-0050,20.64,B,Storage
LOT-00754,FRM-0074,22.16,B,Packing
LOT-00755,FRM-0011,10.48,C,Intake
LOT-00756,FRM-0065,14.71,C,Quality
LOT-00757,FRM-0016,23.78,B,Quality
LOT-00758,FRM-0022,24.33,A,Quality
LOT-00759,FRM-0006,11.16,C,Storage
LOT-00760,FRM-0026,24.93,C,Quality
LOT-00761,FRM-0077,7.19,C,Intake
LOT-00762,FRM-0012,10.31,B,Packing
LOT-00763,FRM-0036,13.47,A,Storage
LOT-00764,FRM-0015,10.95,A,Intake
LOT-00765,FRM-0014,14.5,A,Packing
LOT-00766,FRM-0069,22.12,B,Packing
LOT-00767,FRM-0050,16.71,C,Storage
LOT-00768,FRM-0005,5.13,B,Quality
LOT-00769,FRM-0080,15.61,C,Storage
LOT-00770,FRM-0005,10.5,B,Quality
LOT-00771,FRM-0007,18.9,B,Packing
LOT-00772,FRM-0003,9.11,B,Packing
LOT-00773,FRM-0036,21.23,C,Intake
LOT-00774,FRM-0030,4.23,C,Storage
LOT-00775,FRM-0100,20.82,B,Storage
LOT-00776,FRM-0078,16.49,A,Storage
LOT-00777,FRM-0028,22.92,B,Storage
LOT-00778,FRM-0098,13.4,B,Intake
LOT-00779,FRM-0066,20.0,A,Packing
LOT-00780,FRM-0091,13.16,A,Intake
LOT-00781,FRM-0023,5.63,A,Intake
LOT-00782,FRM-0032,1.79,A,Packing
LOT-00783,FRM-0091,5.78,B,Storage
LOT-00784,FRM-0065,10.53,A,Intake
LOT-00785,FRM-0031,9.94,C,Storage
LOT-00786,FRM-0023,24.05,B,Packing
LOT-00787,FRM-0045,4.92,B,Intake
LOT-00788,FRM-0037,1.66,A,Quality
LOT-00789,FRM-0074,19.72,A,Quality
LOT-00790,FRM-0083,6.4,A,Packing
LOT-00791,FRM-0084,10.83,A,Intake
LOT-00792,FRM-0061,22.88,C,Quality
LOT-00793,FRM-0077,20.22,A,Packing
LOT-00794,FRM-0078,20.32,B,Packing
LOT-00795,FRM-0055,22.49,B,Storage
LOT-00796,FRM-0033,6.24,B,Storage
LOT-00797,FRM-0075,3.46,C,Packing
LOT-00798,FRM-0072,16.54,C,Packing
LOT-00799,FRM-0039,17.43,B,Intake
LOT-00800,FRM-0044,24.72,C,Packing
LOT-00801,FRM-0036,7.27,C,Packing
LOT-00802,FRM-0025,4.6,A,Intake
LOT-00803,FRM-0077,10.7,B,Quality
LOT-00804,FRM-0093,1.61,B,Packing
LOT-00805,FRM-0034,22.77,B,Storage
LOT-00806,FRM-0095,1.85,C,Quality
LOT-00807,FRM-0044,18.44,A,Storage
LOT-00808,FRM-0086,9.6,B,Quality
LOT-00809,FRM-0085,22.04,A,Packing
LOT-00810,FRM-0013,12.3,C,Packing
LOT-00811,FRM-0093,20.4,A,Packing
LOT-00812,FRM-0084,3.14,B,Quality
LOT-00813,FRM-0096,21.91,B,Packing
LOT-00814,FRM-0048,7.25,B,Storage
LOT-00815,FRM-0016,12.29,C,Intake
LOT-00816,FRM-0061,22.35,C,Intake
LOT-00817,FRM-0088,10.16,B,Storage
LOT-00818,FRM-0007,21.9,A,Quality
LOT-00819,FRM-0026,9.22,C,Storage
LOT-00820,FRM-0019,8.59,C,Quality
LOT-00821,FRM-0100,2.94,B,Quality
LOT-00822,FRM-0041,16.23,A,Storage
LOT-00823,FRM-0036,6.03,A,Quality
LOT-00824,FRM-0063,19.85,A,Quality
LOT-00825,FRM-0079,11.41,B,Storage
LOT-00826,FRM-0055,24.17,B,Intake
LOT-00827,FRM-0005,13.81,C,Packing
LOT-00828,FRM-0002,22.41,C,Quality
LOT-00829,FRM-0003,17.24,C,Quality
LOT-00830,FRM-0029,17.64,B,Packing
LOT-00831,FRM-0017,3.46,C,Packing
LOT-00832,FRM-0022,2.57,A,Packing
LOT-00833,FRM-0038,11.94,C,Packing
LOT-00834,FRM-0056,22.31,A,Packing
LOT-00835,FRM-0063,9.62,A,Quality
LOT-00836,FRM-0052,1.46,A,Quality
LOT-00837,FRM-0028,18.62,C,Quality
LOT-00838,FRM-0016,9.8,C,Intake
LOT-00839,FRM-0049,22.04,B,Intake
LOT-00840,FRM-0077,24.87,C,Intake
LOT-00841,FRM-0084,21.07,A,Intake
LOT-00842,FRM-0054,11.66,A,Packing
LOT-00843,FRM-0061,17.84,A,Intake
LOT-00844,FRM-0039,11.1,A,Packing
LOT-00845,FRM-0080,15.54,A,Storage
LOT-00846,FRM-0014,13.28,C,Intake
LOT-00847,FRM-0037,3.74,A,Storage
LOT-00848,FRM-0026,15.62,B,Quality
LOT-00849,FRM-0046,17.88,B,Quality
LOT-00850,FRM-0006,14.16,A,Storage
LOT-00851,FRM-0043,6.63,A,Intake
LOT-00852,FRM-0015,21.05,C,Storage
LOT-00853,FRM-0020,23.79,C,Intake
LOT-00854,FRM-0093,18.37,B,Quality
LOT-00855,FRM-0059,24.73,B,Packing
LOT-00856,FRM-0060,2.2,A,Intake
LOT-00857,FRM-0038,9.65,C,Packing
LOT-00858,FRM-0055,18.72,A,Intake
LOT-00859,FRM-0002,21.45,C,Quality
LOT-00860,FRM-0043,9.58,B,Packing
LOT-00861,FRM-0094,3.23,B,Quality
LOT-00862,FRM-0015,10.62,B,Packing
LOT-00863,FRM-0050,17.56,B,Storage
LOT-00864,FRM-0084,22.27,A,Intake
LOT-00865,FRM-0017,17.71,A,Quality
LOT-00866,FRM-0014,10.98,C,Storage
LOT-00867,FRM-0073,17.28,A,Storage
LOT-00868,FRM-0100,9.61,A,Quality
LOT-00869,FRM-0062,23.09,A,Storage
LOT-00870,FRM-0057,2.1,B,Packing
LOT-00871,FRM-0002,17.91,C,Quality
LOT-00872,FRM-0086,21.96,C,Intake
LOT-00873,FRM-0056,16.88,A,Storage
LOT-00874,FRM-0045,16.93,C,Storage
LOT-00875,FRM-0020,21.14,C,Intake
LOT-00876,FRM-0002,16.44,A,Storage
LOT-00877,FRM-0064,21.87,A,Storage
LOT-00878,FRM-0042,6.78,B,Intake
LOT-00879,FRM-0065,6.34,C,Storage
LOT-00880,FRM-0052,20.61,A,Storage
LOT-00881,FRM-0057,20.23,B,Intake
LOT-00882,FRM-0064,11.73,A,Storage
LOT-00883,FRM-0096,16.68,A,Storage
LOT-00884,FRM-0053,1.86,C,Intake
LOT-00885,FRM-0012,20.0,C,Packing
LOT-00886,FRM-0066,14.5,C,Storage
LOT-00887,FRM-0044,9.72,A,Quality
LOT-00888,FRM-0059,8.97,C,Storage
LOT-00889,FRM-0092,16.77,C,Storage
LOT-00890,FRM-0015,3.34,C,Quality
LOT-00891,FRM-0001,9.19,C,Packing
LOT-00892,FRM-0071,13.53,C,Intake
LOT-00893,FRM-0006,22.53,B,Quality
LOT-00894,FRM-0092,18.82,B,Intake
LOT-00895,FRM-0033,15.66,A,Intake
LOT-00896,FRM-0051,6.17,A,Packing
LOT-00897,FRM-0014,19.17,A,Intake
LOT-00898,FRM-0099,22.4,B,Quality
LOT-00899,FRM-0064,1.1,C,Intake
LOT-00900,FRM-0071,23.45,C,Storage
LOT-00901,FRM-0066,19.75,A,Quality
LOT-00902,FRM-0094,20.57,A,Storage
LOT-00903,FRM-0085,15.41,B,Storage
LOT-00904,FRM-0054,24.51,C,Quality
LOT-00905,FRM-0036,10.55,B,Packing
LOT-00906,FRM-0058,20.32,A,Storage
LOT-00907,FRM-0078,17.8,C,Packing
LOT-00908,FRM-0090,14.15,B,Quality
LOT-00909,FRM-0026,6.03,C,Packing
LOT-00910,FRM-0088,9.29,C,Quality
LOT-00911,FRM-0091,16.6,A,Packing
LOT-00912,FRM-0091,3.77,B,Storage
LOT-00913,FRM-0075,14.7,C,Storage
LOT-00914,FRM-0087,18.95,C,Packing
LOT-00915,FRM-0055,20.4,C,Intake
LOT-00916,FRM-0004,10.14,A,Intake
LOT-00917,FRM-0026,7.41,A,Packing
LOT-00918,FRM-0088,7.01,A,Packing
LOT-00919,FRM-0027,19.09,A,Packing
LOT-00920,FRM-0058,3.46,C,Quality
LOT-00921,FRM-0096,16.53,B,Quality
LOT-00922,FRM-0066,19.82,C,Packing
LOT-00923,FRM-0089,16.95,B,Storage
LOT-00924,FRM-0054,23.96,C,Packing
LOT-00925,FRM-0071,2.29,C,Packing
LOT-00926,FRM-0026,15.89,B,Quality
LOT-00927,FRM-0082,17.91,C,Packing
LOT-00928,FRM-0097,15.12,C,Quality
LOT-00929,FRM-0100,18.4,A,Packing
LOT-00930,FRM-0058,5.26,C,Intake
LOT-00931,FRM-0024,24.1,C,Intake
LOT-00932,FRM-0049,1.98,B,Packing
LOT-00933,FRM-0017,4.86,B,Intake
LOT-00934,FRM-0043,12.19,A,Intake
LOT-00935,FRM-0020,23.29,C,Intake
LOT-00936,FRM-0100,23.38,C,Packing
LOT-00937,FRM-0063,19.96,C,Packing
LOT-00938,FRM-0010,19.82,B,Quality
LOT-00939,FRM-0024,13.49,C,Quality
LOT-00940,FRM-0054,14.03,B,Intake
LOT-00941,FRM-0045,6.31,A,Packing
LOT-00942,FRM-0043,9.66,A,Storage
LOT-00943,FRM-0072,20.77,C,Intake
LOT-00944,FRM-0015,17.05,B,Quality
LOT-00945,FRM-0083,15.73,C,Quality
LOT-00946,FRM-0006,17.38,B,Storage
LOT-00947,FRM-0015,10.26,C,Packing
LOT-00948,FRM-0004,22.87,B,Storage
LOT-00949,FRM-0063,2.05,C,Quality
LOT-00950,FRM-0042,13.33,A,Quality
LOT-00951,FRM-0099,13.91,A,Intake
LOT-00952,FRM-0027,17.09,A,Storage
LOT-00953,FRM-0014,5.93,C,Storage
LOT-00954,FRM-0083,20.6,A,Quality
LOT-00955,FRM-0004,12.02,B,Intake
LOT-00956,FRM-0012,2.76,A,Packing
LOT-00957,FRM-0072,2.69,A,Packing
LOT-00958,FRM-0053,10.31,C,Storage
LOT-00959,FRM-0056,8.59,B,Intake
LOT-00960,FRM-0069,1.14,C,Intake
LOT-00961,FRM-0097,18.9,A,Intake
LOT-00962,FRM-0046,23.27,A,Packing
LOT-00963,FRM-0088,8.23,A,Packing
LOT-00964,FRM-0098,23.24,B,Storage
LOT-00965,FRM-0085,1.74,A,Quality
LOT-00966,FRM-0018,18.92,C,Packing
LOT-00967,FRM-0082,4.46,C,Packing
LOT-00968,FRM-0002,14.28,C,Quality
LOT-00969,FRM-0016,2.0,C,Storage
LOT-00970,FRM-0069,14.14,A,Packing
LOT-00971,FRM-0027,18.96,C,Packing
LOT-00972,FRM-0028,10.9,C,Quality
LOT-00973,FRM-0021,5.42,C,Packing
LOT-00974,FRM-0025,3.75,C,Intake
LOT-00975,FRM-0097,23.38,C,Storage
LOT-00976,FRM-0083,14.19,B,Intake
LOT-00977,FRM-0033,3.36,C,Storage
LOT-00978,FRM-0043,9.57,C,Quality
LOT-00979,FRM-0013,7.84,A,Quality
LOT-00980,FRM-0041,12.66,B,Packing
LOT-00981,FRM-0089,15.02,C,Packing
LOT-00982,FRM-0041,24.01,A,Intake
LOT-00983,FRM-0041,6.91,A,Storage
LOT-00984,FRM-0036,21.16,A,Packing
LOT-00985,FRM-0062,12.11,B,Packing
LOT-00986,FRM-0063,14.24,A,Intake
LOT-00987,FRM-0036,21.61,A,Quality
LOT-00988,FRM-0034,18.61,C,Intake
LOT-00989,FRM-0094,2.81,A,Intake
LOT-00990,FRM-0075,14.89,C,Quality
LOT-00991,FRM-0005,14.24,C,Storage
LOT-00992,FRM-0084,19.6,B,Storage
LOT-00993,FRM-0029,22.39,C,Packing
LOT-00994,FRM-0018,12.15,C,Intake
LOT-00995,FRM-0051,9.73,A,Quality
LOT-00996,FRM-0079,17.42,C,Quality
LOT-00997,FRM-0058,4.82,C,Quality
LOT-00998,FRM-0095,18.57,B,Intake
LOT-00999,FRM-0029,19.28,A,Intake
LOT-01000,FRM-0034,9.87,A,Quality
LOT-01001,FRM-0067,22.79,B,Storage
LOT-01002,FRM-0061,23.03,A,Intake
LOT-01003,FRM-0084,8.78,C,Packing
LOT-01004,FRM-0095,7.32,C,Quality
LOT-01005,FRM-0049,16.69,B,Intake
LOT-01006,FRM-0067,7.04,A,Storage
LOT-01007,FRM-0046,20.61,B,Storage
LOT-01008,FRM-0062,22.29,A,Quality
LOT-01009,FRM-0057,4.97,A,Packing
LOT-01010,FRM-0028,4.61,A,Packing
LOT-01011,FRM-0078,18.22,A,Quality
LOT-01012,FRM-0054,20.47,C,Intake
LOT-01013,FRM-0062,17.21,B,Quality
LOT-01014,FRM-0076,4.87,B,Intake
LOT-01015,FRM-0032,2.04,C,Quality
LOT-01016,FRM-0018,16.11,A,Quality
LOT-01017,FRM-0008,4.99,A,Storage
LOT-01018,FRM-0077,24.26,C,Intake
LOT-01019,FRM-0093,18.47,B,Intake
LOT-01020,FRM-0028,11.78,B,Storage
LOT-01021,FRM-0022,6.26,B,Quality
LOT-01022,FRM-0075,20.69,A,Packing
LOT-01023,FRM-0022,18.38,B,Storage
LOT-01024,FRM-0077,15.17,A,Storage
LOT-01025,FRM-0050,4.17,A,Quality
LOT-01026,FRM-0067,21.63,C,Storage
LOT-01027,FRM-0020,15.53,A,Storage
LOT-01028,FRM-0079,15.4,C,Intake
LOT-01029,FRM-0012,12.57,A,Intake
LOT-01030,FRM-0100,17.29,B,Storage
LOT-01031,FRM-0048,22.0,C,Storage
LOT-01032,FRM-0030,23.52,B,Storage
LOT-01033,FRM-0045,15.14,C,Intake
LOT-01034,FRM-0055,4.21,B,Quality
LOT-01035,FRM-0011,7.8,C,Storage
LOT-01036,FRM-0033,5.54,C,Intake
LOT-01037,FRM-0074,13.54,C,Intake
LOT-01038,FRM-0049,16.71,C,Packing
LOT-01039,FRM-0053,9.69,A,Storage
LOT-01040,FRM-0084,15.05,B,Storage
LOT-01041,FRM-0073,9.78,B,Storage
LOT-01042,FRM-0097,5.89,C,Storage
LOT-01043,FRM-0023,9.89,C,Storage
LOT-01044,FRM-0033,24.72,C,Packing
LOT-01045,FRM-0100,17.93,C,Quality
LOT-01046,FRM-0085,3.86,A,Storage
LOT-01047,FRM-0090,23.78,A,Quality
LOT-01048,FRM-0066,10.61,B,Intake
LOT-01049,FRM-0021,10.34,C,Intake
LOT-01050,FRM-0012,20.76,B,Storage
LOT-01051,FRM-0012,2.54,A,Packing
LOT-01052,FRM-0011,15.62,C,Storage
LOT-01053,FRM-0052,15.74,C,Packing
LOT-01054,FRM-0092,24.12,A,Quality
LOT-01055,FRM-0082,12.86,A,Quality
LOT-01056,FRM-0085,23.34,C,Packing
LOT-01057,FRM-0025,1.81,C,Quality
LOT-01058,FRM-0079,5.07,A,Packing
LOT-01059,FRM-0031,16.72,A,Intake
LOT-01060,FRM-0036,19.71,B,Storage
LOT-01061,FRM-0052,15.07,C,Intake
LOT-01062,FRM-0095,17.89,A,Packing
LOT-01063,FRM-0093,20.91,C,Packing
LOT-01064,FRM-0045,24.12,B,Quality
LOT-01065,FRM-0078,24.11,B,Storage
LOT-01066,FRM-0074,1.11,A,Storage
LOT-01067,FRM-0065,3.56,A,Packing
LOT-01068,FRM-0044,23.73,C,Packing
LOT-01069,FRM-0069,20.52,C,Packing
LOT-01070,FRM-0089,11.63,B,Storage
LOT-01071,FRM-0099,6.84,B,Storage
LOT-01072,FRM-0088,12.06,C,Intake
LOT-01073,FRM-0062,3.79,A,Storage
LOT-01074,FRM-0082,19.93,A,Quality
LOT-01075,FRM-0041,10.9,B,Intake
LOT-01076,FRM-0090,20.97,A,Packing
LOT-01077,FRM-0012,10.57,C,Packing
LOT-01078,FRM-0010,14.31,A,Storage
LOT-01079,FRM-0041,9.48,C,Packing
LOT-01080,FRM-0024,23.73,C,Quality
LOT-01081,FRM-0064,18.69,A,Quality
LOT-01082,FRM-0034,5.96,A,Quality
LOT-01083,FRM-0080,9.54,A,Intake
LOT-01084,FRM-0011,17.22,C,Storage
LOT-01085,FRM-0079,1.16,C,Intake
LOT-01086,FRM-0062,9.91,B,Storage
LOT-01087,FRM-0074,21.85,B,Quality
LOT-01088,FRM-0098,22.98,B,Storage
LOT-01089,FRM-0029,19.0,A,Intake
LOT-01090,FRM-0068,20.18,B,Intake
LOT-01091,FRM-0065,9.33,C,Quality
LOT-01092,FRM-0059,24.44,C,Storage
LOT-01093,FRM-0041,17.54,A,Quality
LOT-01094,FRM-0049,14.94,B,Packing
LOT-01095,FRM-0079,21.68,A,Packing
LOT-01096,FRM-0031,7.47,C,Packing
LOT-01097,FRM-0047,5.41,B,Quality
LOT-01098,FRM-0054,17.82,B,Packing
LOT-01099,FRM-0052,7.71,A,Quality
LOT-01100,FRM-0074,17.46,A,Packing
LOT-01101,FRM-0031,14.33,B,Quality
LOT-01102,FRM-0019,20.2,C,Quality
LOT-01103,FRM-0061,20.34,A,Storage
LOT-01104,FRM-0064,4.23,C,Packing
LOT-01105,FRM-0063,8.2,C,Intake
LOT-01106,FRM-0051,3.38,A,Intake
LOT-01107,FRM-0028,20.53,B,Intake
LOT-01108,FRM-0058,18.87,B,Packing
LOT-01109,FRM-0047,14.45,B,Packing
LOT-01110,FRM-0003,10.88,B,Quality
LOT-01111,FRM-0074,14.82,C,Quality
LOT-01112,FRM-0100,7.83,B,Storage
LOT-01113,FRM-0100,18.68,A,Storage
LOT-01114,FRM-0079,7.88,C,Quality
LOT-01115,FRM-0022,16.37,B,Storage
LOT-01116,FRM-0081,15.7,B,Intake
LOT-01117,FRM-0011,4.89,A,Packing
LOT-01118,FRM-0041,16.67,C,Packing
LOT-01119,FRM-0078,16.47,B,Storage
LOT-01120,FRM-0100,21.71,B,Storage
LOT-01121,FRM-0053,5.02,A,Quality
LOT-01122,FRM-0094,6.63,B,Intake
LOT-01123,FRM-0027,5.01,A,Intake
LOT-01124,FRM-0009,23.48,B,Intake
LOT-01125,FRM-0004,19.5,C,Intake
LOT-01126,FRM-0014,7.3,A,Intake
LOT-01127,FRM-0084,23.36,B,Packing
LOT-01128,FRM-0030,6.94,B,Storage
LOT-01129,FRM-0081,4.03,C,Quality
LOT-01130,FRM-0004,1.84,B,Packing
LOT-01131,FRM-0061,12.21,C,Packing
LOT-01132,FRM-0071,11.68,C,Quality
LOT-01133,FRM-0076,15.34,C,Storage
LOT-01134,FRM-0068,16.35,C,Packing
LOT-01135,FRM-0045,12.56,A,Intake
LOT-01136,FRM-0057,8.39,B,Packing
LOT-01137,FRM-0020,8.29,A,Quality
LOT-01138,FRM-0045,7.88,C,Intake
LOT-01139,FRM-0089,23.13,B,Packing
LOT-01140,FRM-0002,19.38,B,Quality
LOT-01141,FRM-0001,14.16,A,Storage
LOT-01142,FRM-0072,11.49,A,Quality
LOT-01143,FRM-0092,18.69,B,Storage
LOT-01144,FRM-0029,7.31,B,Quality
LOT-01145,FRM-0067,19.35,C,Packing
LOT-01146,FRM-0037,16.56,C,Packing
LOT-01147,FRM-0053,5.51,A,Quality
LOT-01148,FRM-0018,7.95,C,Storage
LOT-01149,FRM-0080,11.87,C,Storage
LOT-01150,FRM-0025,8.7,A,Intake
LOT-01151,FRM-0069,1.53,A,Packing
LOT-01152,FRM-0035,4.0,B,Intake
LOT-01153,FRM-0030,3.16,A,Storage
LOT-01154,FRM-0028,9.21,B,Storage
LOT-01155,FRM-0048,12.13,A,Packing
LOT-01156,FRM-0011,21.25,A,Intake
LOT-01157,FRM-0035,19.62,A,Storage
LOT-01158,FRM-0024,5.61,B,Storage
LOT-01159,FRM-0002,3.93,C,Quality
LOT-01160,FRM-0050,19.51,B,Quality
LOT-01161,FRM-0095,24.87,A,Storage
LOT-01162,FRM-0095,19.5,C,Quality
LOT-01163,FRM-0061,10.34,B,Packing
LOT-01164,FRM-0021,16.1,A,Intake
LOT-01165,FRM-0033,12.55,B,Quality
LOT-01166,FRM-0047,22.3,C,Quality
LOT-01167,FRM-0015,6.66,B,Packing
LOT-01168,FRM-0002,5.02,B,Intake
LOT-01169,FRM-0051,19.94,A,Intake
LOT-01170,FRM-0075,19.8,B,Quality
LOT-01171,FRM-0048,19.5,A,Quality
LOT-01172,FRM-0064,3.19,C,Packing
LOT-01173,FRM-0098,16.0,A,Packing
LOT-01174,FRM-0083,4.69,C,Intake
LOT-01175,FRM-0017,12.71,B,Packing
LOT-01176,FRM-0057,18.6,A,Storage
LOT-01177,FRM-0046,18.39,B,Intake
LOT-01178,FRM-0063,17.96,C,Packing
LOT-01179,FRM-0070,17.73,A,Quality
LOT-01180,FRM-0070,9.34,C,Storage
LOT-01181,FRM-0036,21.82,C,Quality
LOT-01182,FRM-0009,13.75,B,Packing
LOT-01183,FRM-0034,14.0,B,Intake
LOT-01184,FRM-0100,16.31,B,Quality
LOT-01185,FRM-0003,15.87,B,Quality
LOT-01186,FRM-0042,18.3,C,Storage
LOT-01187,FRM-0025,13.58,B,Quality
LOT-01188,FRM-0079,7.8,B,Packing
LOT-01189,FRM-0015,3.31,C,Intake
LOT-01190,FRM-0006,21.04,A,Quality
LOT-01191,FRM-0005,5.85,B,Quality
LOT-01192,FRM-0013,1.76,C,Storage
LOT-01193,FRM-0085,12.76,C,Packing
LOT-01194,FRM-0007,9.79,C,Intake
LOT-01195,FRM-0002,23.33,A,Storage
LOT-01196,FRM-0011,12.23,C,Intake
LOT-01197,FRM-0047,14.39,B,Packing
LOT-01198,FRM-0091,2.4,C,Packing
LOT-01199,FRM-0068,1.98,A,Packing
LOT-01200,FRM-0010,23.67,C,Intake
LOT-01201,FRM-0013,18.4,C,Storage
LOT-01202,FRM-0025,5.63,C,Quality
LOT-01203,FRM-0073,16.01,A,Storage
LOT-01204,FRM-0096,3.53,C,Packing
LOT-01205,FRM-0087,12.01,C,Storage
LOT-01206,FRM-0014,5.0,A,Storage
LOT-01207,FRM-0065,9.1,A,Storage
LOT-01208,FRM-0046,22.66,C,Packing
LOT-01209,FRM-0048,10.9,C,Storage
LOT-01210,FRM-0093,8.76,A,Quality
LOT-01211,FRM-0049,19.38,C,Packing
LOT-01212,FRM-0047,24.08,B,Storage
LOT-01213,FRM-0001,18.43,B,Intake
LOT-01214,FRM-0067,4.24,B,Intake
LOT-01215,FRM-0039,24.63,A,Packing
LOT-01216,FRM-0003,19.52,C,Packing
LOT-01217,FRM-0071,13.27,C,Quality
LOT-01218,FRM-0013,1.91,B,Quality
LOT-01219,FRM-0018,7.36,C,Quality
LOT-01220,FRM-0030,7.15,B,Intake
LOT-01221,FRM-0074,10.6,A,Intake
LOT-01222,FRM-0093,8.79,B,Quality
LOT-01223,FRM-0063,20.82,C,Intake
LOT-01224,FRM-0077,16.41,A,Storage
LOT-01225,FRM-0011,19.72,B,Packing
LOT-01226,FRM-0056,11.0,A,Quality
LOT-01227,FRM-0096,16.67,C,Intake
LOT-01228,FRM-0082,19.66,B,Intake
LOT-01229,FRM-0040,13.59,B,Quality
LOT-01230,FRM-0042,13.06,A,Quality
LOT-01231,FRM-0007,17.17,B,Storage
LOT-01232,FRM-0097,15.28,C,Intake
LOT-01233,FRM-0029,11.37,B,Quality
LOT-01234,FRM-0017,9.07,B,Intake
LOT-01235,FRM-0071,10.58,A,Storage
LOT-01236,FRM-0065,11.43,C,Quality
LOT-01237,FRM-0098,4.24,C,Quality
LOT-01238,FRM-0063,10.49,C,Quality
LOT-01239,FRM-0072,15.78,C,Quality
LOT-01240,FRM-0032,2.72,B,Packing
LOT-01241,FRM-0088,23.18,A,Intake
LOT-01242,FRM-0086,10.93,B,Packing
LOT-01243,FRM-0025,8.7,C,Intake
LOT-01244,FRM-0099,8.32,B,Storage
LOT-01245,FRM-0080,4.5,A,Quality
LOT-01246,FRM-0026,17.45,A,Intake
LOT-01247,FRM-0015,18.75,A,Quality
LOT-01248,FRM-0037,1.33,C,Intake
LOT-01249,FRM-0040,11.8,A,Packing
LOT-01250,FRM-0027,18.76,A,Quality
LOT-01251,FRM-0070,13.56,B,Storage
LOT-01252,FRM-0080,18.52,A,Intake
LOT-01253,FRM-0049,14.99,C,Intake
LOT-01254,FRM-0033,5.09,B,Quality
LOT-01255,FRM-0090,15.83,A,Storage
LOT-01256,FRM-0084,23.68,A,Storage
LOT-01257,FRM-0085,7.51,C,Packing
LOT-01258,FRM-0014,1.46,C,Storage
LOT-01259,FRM-0030,24.52,C,Intake
LOT-01260,FRM-0041,12.63,C,Intake
LOT-01261,FRM-0024,5.77,B,Intake
LOT-01262,FRM-0006,6.94,C,Packing
LOT-01263,FRM-0043,12.76,C,Quality
LOT-01264,FRM-0003,9.32,B,Packing
LOT-01265,FRM-0081,8.26,C,Packing
LOT-01266,FRM-0008,16.02,B,Intake
LOT-01267,FRM-0072,23.78,A,Quality
LOT-01268,FRM-0044,22.53,C,Quality
LOT-01269,FRM-0012,18.52,C,Quality
LOT-01270,FRM-0054,6.77,A,Storage
LOT-01271,FRM-0040,22.83,B,Storage
LOT-01272,FRM-0070,4.16,C,Quality
LOT-01273,FRM-0075,13.99,A,Quality
LOT-01274,FRM-0040,17.52,C,Quality
LOT-01275,FRM-0056,24.9,A,Quality
LOT-01276,FRM-0041,2.63,C,Intake
LOT-01277,FRM-0024,8.62,A,Intake
LOT-01278,FRM-0098,8.65,B,Storage
LOT-01279,FRM-0039,11.63,C,Packing
LOT-01280,FRM-0020,19.7,A,Quality
LOT-01281,FRM-0024,1.63,C,Packing
LOT-01282,FRM-0078,14.61,A,Quality
LOT-01283,FRM-0030,17.5,B,Intake
LOT-01284,FRM-0089,19.72,A,Storage
LOT-01285,FRM-0092,16.59,A,Storage
LOT-01286,FRM-0063,12.37,A,Quality
LOT-01287,FRM-0029,1.77,A,Packing
LOT-01288,FRM-0053,6.34,C,Quality
LOT-01289,FRM-0097,5.91,A,Storage
LOT-01290,FRM-0079,12.76,B,Storage
LOT-01291,FRM-0032,11.26,A,Storage
LOT-01292,FRM-0093,8.51,C,Intake
LOT-01293,FRM-0067,3.62,B,Intake
LOT-01294,FRM-0032,13.45,B,Intake
LOT-01295,FRM-0072,10.3,C,Intake
LOT-01296,FRM-0025,7.99,B,Packing
LOT-01297,FRM-0100,20.86,B,Quality
LOT-01298,FRM-0055,8.07,A,Quality
LOT-01299,FRM-0060,20.92,B,Intake
LOT-01300,FRM-0093,13.02,A,Quality
LOT-01301,FRM-0051,10.93,B,Intake
LOT-01302,FRM-0023,11.89,C,Quality
LOT-01303,FRM-0059,3.16,B,Quality
LOT-01304,FRM-0092,18.6,A,Intake
LOT-01305,FRM-0091,11.79,B,Intake
LOT-01306,FRM-0068,17.97,C,Quality
LOT-01307,FRM-0049,14.21,A,Quality
LOT-01308,FRM-0043,14.57,C,Quality
LOT-01309,FRM-0021,21.85,A,Intake
LOT-01310,FRM-0054,8.39,C,Storage
LOT-01311,FRM-0037,16.03,A,Quality
LOT-01312,FRM-0026,1.08,B,Intake
LOT-01313,FRM-0059,12.94,B,Intake
LOT-01314,FRM-0078,22.18,A,Quality
LOT-01315,FRM-0076,16.83,B,Storage
LOT-01316,FRM-0057,2.91,C,Intake
LOT-01317,FRM-0032,22.17,B,Quality
LOT-01318,FRM-0007,5.44,A,Packing
LOT-01319,FRM-0005,4.49,A,Packing
LOT-01320,FRM-0043,23.09,A,Intake
LOT-01321,FRM-0054,24.85,A,Packing
LOT-01322,FRM-0079,16.86,C,Quality
LOT-01323,FRM-0059,18.98,B,Intake
LOT-01324,FRM-0012,19.44,B,Packing
LOT-01325,FRM-0049,20.69,B,Intake
LOT-01326,FRM-0038,12.3,A,Packing
LOT-01327,FRM-0043,13.65,C,Quality
LOT-01328,FRM-0090,6.02,A,Intake
LOT-01329,FRM-0074,18.51,C,Intake
LOT-01330,FRM-0062,18.38,C,Packing
LOT-01331,FRM-0055,15.61,B,Packing
LOT-01332,FRM-0068,14.8,C,Packing
LOT-01333,FRM-0017,15.74,B,Storage
LOT-01334,FRM-0064,20.39,C,Quality
LOT-01335,FRM-0091,7.97,A,Intake
LOT-01336,FRM-0016,1.58,C,Intake
LOT-01337,FRM-0095,21.35,C,Storage
LOT-01338,FRM-0053,2.09,B,Quality
LOT-01339,FRM-0002,16.37,C,Packing
LOT-01340,FRM-0033,19.96,B,Packing
LOT-01341,FRM-0065,14.2,A,Intake
LOT-01342,FRM-0088,9.0,B,Intake
LOT-01343,FRM-0023,5.66,B,Storage
LOT-01344,FRM-0061,20.13,C,Quality
LOT-01345,FRM-0062,4.73,B,Packing
LOT-01346,FRM-0060,19.82,B,Intake
LOT-01347,FRM-0067,8.18,C,Packing
LOT-01348,FRM-0072,13.86,A,Packing
LOT-01349,FRM-0046,2.59,A,Packing
LOT-01350,FRM-0004,9.14,B,Quality
LOT-01351,FRM-0074,15.54,A,Intake
LOT-01352,FRM-0097,8.4,B,Intake
LOT-01353,FRM-0035,10.93,B,Quality
LOT-01354,FRM-0048,11.85,B,Quality
LOT-01355,FRM-0068,8.26,A,Packing
LOT-01356,FRM-0005,19.67,A,Storage
LOT-01357,FRM-0065,1.6,B,Quality
LOT-01358,FRM-0025,9.16,B,Packing
LOT-01359,FRM-0100,8.86,A,Quality
LOT-01360,FRM-0027,18.39,B,Storage
LOT-01361,FRM-0092,21.76,A,Intake
LOT-01362,FRM-0040,23.38,C,Intake
LOT-01363,FRM-0043,12.21,A,Intake
LOT-01364,FRM-0067,19.39,C,Packing
LOT-01365,FRM-0003,14.86,B,Quality
LOT-01366,FRM-0042,5.81,B,Packing
LOT-01367,FRM-0069,8.66,B,Intake
LOT-01368,FRM-0035,4.58,B,Intake
LOT-01369,FRM-0002,24.0,C,Intake
LOT-01370,FRM-0027,14.02,C,Packing
LOT-01371,FRM-0035,4.4,C,Packing
LOT-01372,FRM-0074,6.88,A,Packing
LOT-01373,FRM-0079,22.41,C,Storage
LOT-01374,FRM-0007,4.12,B,Intake
LOT-01375,FRM-0014,10.21,A,Storage
LOT-01376,FRM-0051,5.3,C,Storage
LOT-01377,FRM-0079,9.53,B,Quality
LOT-01378,FRM-0092,19.2,C,Intake
LOT-01379,FRM-0097,19.35,C,Quality
LOT-01380,FRM-0012,20.51,C,Storage
LOT-01381,FRM-0013,11.93,C,Storage
LOT-01382,FRM-0061,6.56,A,Quality
LOT-01383,FRM-0079,7.19,B,Storage
LOT-01384,FRM-0024,17.79,C,Packing
LOT-01385,FRM-0042,11.88,A,Intake
LOT-01386,FRM-0061,3.71,B,Storage
LOT-01387,FRM-0022,7.77,B,Quality
LOT-01388,FRM-0066,3.47,C,Intake
LOT-01389,FRM-0042,14.35,A,Packing
LOT-01390,FRM-0069,12.06,C,Storage
LOT-01391,FRM-0031,15.9,C,Quality
LOT-01392,FRM-0062,10.21,B,Quality
LOT-01393,FRM-0089,15.18,B,Packing
LOT-01394,FRM-0070,17.66,A,Intake
LOT-01395,FRM-0095,23.34,C,Storage
LOT-01396,FRM-0015,15.21,B,Packing
LOT-01397,FRM-0072,3.34,B,Quality
LOT-01398,FRM-0040,23.94,A,Intake
LOT-01399,FRM-0088,20.54,B,Packing
LOT-01400,FRM-0064,16.48,A,Intake
LOT-01401,FRM-0028,20.61,C,Intake
LOT-01402,FRM-0097,4.52,A,Storage
LOT-01403,FRM-0069,8.0,C,Storage
LOT-01404,FRM-0026,5.94,B,Packing
LOT-01405,FRM-0073,20.06,C,Packing
LOT-01406,FRM-0056,18.23,B,Intake
LOT-01407,FRM-0075,1.19,C,Storage
LOT-01408,FRM-0017,21.46,A,Packing
LOT-01409,FRM-0071,24.23,A,Packing
LOT-01410,FRM-0015,21.67,A,Quality
LOT-01411,FRM-0056,17.85,B,Packing
LOT-01412,FRM-0092,10.19,B,Storage
LOT-01413,FRM-0070,6.07,A,Storage
LOT-01414,FRM-0018,5.52,B,Packing
LOT-01415,FRM-0054,4.7,C,Quality
LOT-01416,FRM-0018,1.28,C,Intake
LOT-01417,FRM-0019,18.31,B,Storage
LOT-01418,FRM-0018,3.03,C,Storage
LOT-01419,FRM-0059,22.45,C,Storage
LOT-01420,FRM-0080,5.32,C,Storage
LOT-01421,FRM-0071,20.68,B,Packing
LOT-01422,FRM-0029,5.46,C,Intake
LOT-01423,FRM-0074,12.96,C,Quality
LOT-01424,FRM-0092,13.04,B,Packing
LOT-01425,FRM-0005,24.48,C,Storage
LOT-01426,FRM-0091,9.85,C,Storage
LOT-01427,FRM-0089,2.92,C,Packing
LOT-01428,FRM-0060,13.41,C,Intake
LOT-01429,FRM-0032,12.34,C,Intake
LOT-01430,FRM-0088,16.21,C,Packing
LOT-01431,FRM-0079,2.27,B,Intake
LOT-01432,FRM-0061,11.9,B,Packing
LOT-01433,FRM-0054,9.47,B,Packing
LOT-01434,FRM-0022,1.85,C,Packing
LOT-01435,FRM-0094,19.84,B,Intake
LOT-01436,FRM-0081,12.36,A,Intake
LOT-01437,FRM-0085,24.77,C,Intake
LOT-01438,FRM-0037,12.63,A,Intake
LOT-01439,FRM-0036,7.05,C,Packing
LOT-01440,FRM-0036,21.59,A,Intake
LOT-01441,FRM-0078,5.19,C,Quality
LOT-01442,FRM-0085,11.72,A,Packing
LOT-01443,FRM-0090,6.67,A,Intake
LOT-01444,FRM-0044,24.62,A,Quality
LOT-01445,FRM-0064,19.07,B,Storage
LOT-01446,FRM-0031,16.86,C,Quality
LOT-01447,FRM-0027,14.87,B,Intake
LOT-01448,FRM-0083,7.35,A,Intake
LOT-01449,FRM-0022,12.14,B,Packing
LOT-01450,FRM-0061,18.91,C,Quality
LOT-01451,FRM-0049,17.4,B,Storage
LOT-01452,FRM-0034,4.48,B,Intake
LOT-01453,FRM-0037,23.25,B,Storage
LOT-01454,FRM-0087,8.58,C,Intake
LOT-01455,FRM-0013,23.03,C,Packing
LOT-01456,FRM-0056,15.65,C,Packing
LOT-01457,FRM-0043,7.49,A,Packing
LOT-01458,FRM-0084,15.02,B,Quality
LOT-01459,FRM-0094,17.13,A,Packing
LOT-01460,FRM-0087,17.57,A,Packing
LOT-01461,FRM-0071,1.25,A,Intake
LOT-01462,FRM-0002,10.87,C,Intake
LOT-01463,FRM-0088,11.7,A,Packing
LOT-01464,FRM-0033,5.63,A,Intake
LOT-01465,FRM-0008,23.52,C,Quality
LOT-01466,FRM-0077,16.31,C,Intake
LOT-01467,FRM-0012,21.55,A,Storage
LOT-01468,FRM-0085,19.33,C,Quality
LOT-01469,FRM-0015,17.7,B,Packing
LOT-01470,FRM-0060,16.85,A,Storage
LOT-01471,FRM-0036,19.46,C,Packing
LOT-01472,FRM-0033,4.89,A,Packing
LOT-01473,FRM-0100,2.5,B,Packing
LOT-01474,FRM-0008,7.2,B,Quality
LOT-01475,FRM-0057,2.67,A,Storage
LOT-01476,FRM-0023,16.49,A,Quality
LOT-01477,FRM-0070,19.45,A,Intake
LOT-01478,FRM-0057,18.17,A,Intake
LOT-01479,FRM-0010,2.69,C,Packing
LOT-01480,FRM-0100,11.7,B,Quality
LOT-01481,FRM-0084,16.37,A,Storage
LOT-01482,FRM-0035,4.64,B,Storage
LOT-01483,FRM-0074,1.09,C,Storage
LOT-01484,FRM-0062,11.47,C,Intake
LOT-01485,FRM-0070,6.42,B,Storage
LOT-01486,FRM-0016,14.61,B,Packing
LOT-01487,FRM-0088,8.27,A,Intake
LOT-01488,FRM-0047,13.83,B,Intake
LOT-01489,FRM-0059,19.25,B,Quality
LOT-01490,FRM-0023,14.31,B,Quality
LOT-01491,FRM-0039,17.7,A,Packing
LOT-01492,FRM-0063,3.04,C,Storage
LOT-01493,FRM-0095,5.55,A,Quality
LOT-01494,FRM-0004,18.27,C,Quality
LOT-01495,FRM-0063,10.33,C,Packing
LOT-01496,FRM-0064,13.81,B,Intake
LOT-01497,FRM-0005,9.14,B,Intake
LOT-01498,FRM-0052,3.84,C,Storage
LOT-01499,FRM-0087,21.88,C,Quality
LOT-01500,FRM-0095,14.9,A,Intake
LOT-01501,FRM-0095,4.4,C,Intake
LOT-01502,FRM-0061,22.77,C,Intake
LOT-01503,FRM-0032,17.83,A,Intake
LOT-01504,FRM-0023,16.18,B,Intake
LOT-01505,FRM-0059,15.67,C,Intake
LOT-01506,FRM-0014,3.74,C,Quality
LOT-01507,FRM-0009,20.31,B,Packing
LOT-01508,FRM-0095,17.28,B,Intake
LOT-01509,FRM-0088,14.82,A,Packing
LOT-01510,FRM-0028,19.34,C,Quality
LOT-01511,FRM-0043,2.52,B,Quality
LOT-01512,FRM-0097,10.96,C,Packing
LOT-01513,FRM-0071,4.96,A,Intake
LOT-01514,FRM-0018,3.4,C,Storage
LOT-01515,FRM-0100,4.79,B,Intake
LOT-01516,FRM-0001,1.17,A,Packing
LOT-01517,FRM-0054,17.64,B,Quality
LOT-01518,FRM-0027,4.43,B,Storage
LOT-01519,FRM-0053,6.74,A,Intake
LOT-01520,FRM-0077,5.32,B,Intake
LOT-01521,FRM-0081,20.84,B,Packing
LOT-01522,FRM-0054,1.11,A,Quality
LOT-01523,FRM-0016,24.68,A,Packing
LOT-01524,FRM-0098,24.68,C,Quality
LOT-01525,FRM-0060,19.49,C,Quality
LOT-01526,FRM-0036,2.27,A,Quality
LOT-01527,FRM-0088,21.25,B,Storage
LOT-01528,FRM-0023,4.83,A,Intake
LOT-01529,FRM-0083,9.74,A,Storage
LOT-01530,FRM-0033,9.02,B,Intake
LOT-01531,FRM-0014,18.77,C,Quality
LOT-01532,FRM-0021,19.85,B,Intake
LOT-01533,FRM-0010,22.48,C,Storage
LOT-01534,FRM-0076,14.91,B,Quality
LOT-01535,FRM-0096,17.24,B,Quality
LOT-01536,FRM-0100,3.64,A,Intake
LOT-01537,FRM-0031,18.71,A,Storage
LOT-01538,FRM-0029,2.76,C,Storage
LOT-01539,FRM-0007,22.37,A,Quality
LOT-01540,FRM-0079,11.92,B,Packing
LOT-01541,FRM-0018,11.99,A,Packing
LOT-01542,FRM-0035,5.85,A,Intake
LOT-01543,FRM-0089,14.65,B,Quality
LOT-01544,FRM-0015,21.44,B,Storage
LOT-01545,FRM-0022,19.25,A,Packing
LOT-01546,FRM-0078,4.76,C,Quality
LOT-01547,FRM-0074,24.28,A,Intake
LOT-01548,FRM-0053,21.57,B,Quality
LOT-01549,FRM-0076,12.36,B,Packing
LOT-01550,FRM-0002,18.52,C,Quality
LOT-01551,FRM-0032,8.86,C,Quality
LOT-01552,FRM-0076,23.71,C,Intake
LOT-01553,FRM-0054,24.52,A,Storage
LOT-01554,FRM-0094,19.45,A,Storage
LOT-01555,FRM-0068,10.46,C,Intake
LOT-01556,FRM-0058,12.89,A,Intake
LOT-01557,FRM-0089,18.56,A,Quality
LOT-01558,FRM-0046,8.1,C,Intake
LOT-01559,FRM-0003,12.51,B,Quality
LOT-01560,FRM-0091,12.02,C,Intake
LOT-01561,FRM-0059,12.13,A,Storage
LOT-01562,FRM-0024,19.96,B,Storage
LOT-01563,FRM-0091,16.2,C,Intake
LOT-01564,FRM-0050,22.44,B,Intake
LOT-01565,FRM-0038,11.22,B,Quality
LOT-01566,FRM-0088,2.94,B,Intake
LOT-01567,FRM-0066,23.69,C,Packing
LOT-01568,FRM-0007,3.66,B,Storage
LOT-01569,FRM-0080,1.98,B,Quality
LOT-01570,FRM-0083,14.41,A,Quality
LOT-01571,FRM-0018,24.55,A,Intake
LOT-01572,FRM-0084,12.48,C,Quality
LOT-01573,FRM-0097,18.88,A,Packing
LOT-01574,FRM-0046,22.55,C,Storage
LOT-01575,FRM-0036,2.31,B,Packing
LOT-01576,FRM-0058,12.67,C,Intake
LOT-01577,FRM-0061,18.04,C,Packing
LOT-01578,FRM-0058,15.9,C,Intake
LOT-01579,FRM-0025,22.41,B,Intake
LOT-01580,FRM-0011,10.38,A,Packing
LOT-01581,FRM-0010,3.62,B,Intake
LOT-01582,FRM-0090,4.55,A,Quality
LOT-01583,FRM-0067,23.85,A,Packing
LOT-01584,FRM-0054,24.27,C,Quality
LOT-01585,FRM-0061,9.32,B,Intake
LOT-01586,FRM-0038,5.54,A,Quality
LOT-01587,FRM-0067,16.47,B,Packing
LOT-01588,FRM-0084,16.51,B,Storage
LOT-01589,FRM-0076,16.98,C,Storage
LOT-01590,FRM-0059,8.3,A,Packing
LOT-01591,FRM-0022,19.94,A,Storage
LOT-01592,FRM-0048,24.3,A,Quality
LOT-01593,FRM-0046,7.83,A,Quality
LOT-01594,FRM-0092,13.85,A,Quality
LOT-01595,FRM-0091,17.63,C,Quality
LOT-01596,FRM-0021,6.71,A,Packing
LOT-01597,FRM-0074,4.04,B,Packing
LOT-01598,FRM-0024,5.92,C,Intake
LOT-01599,FRM-0086,8.61,B,Quality
LOT-01600,FRM-0048,11.76,A,Packing
LOT-01601,FRM-0016,23.09,B,Storage
LOT-01602,FRM-0099,4.49,B,Packing
LOT-01603,FRM-0020,1.1,C,Packing
LOT-01604,FRM-0083,17.93,B,Packing
LOT-01605,FRM-0097,24.54,C,Quality
LOT-01606,FRM-0073,18.49,B,Packing
LOT-01607,FRM-0089,3.7,B,Intake
LOT-01608,FRM-0018,17.27,A,Packing
LOT-01609,FRM-0004,10.64,A,Storage
LOT-01610,FRM-0046,3.22,A,Quality
LOT-01611,FRM-0075,13.63,B,Quality
LOT-01612,FRM-0003,3.01,B,Intake
LOT-01613,FRM-0066,10.47,B,Packing
LOT-01614,FRM-0078,15.52,A,Packing
LOT-01615,FRM-0051,4.55,B,Packing
LOT-01616,FRM-0050,9.95,B,Packing
LOT-01617,FRM-0045,8.39,B,Intake
LOT-01618,FRM-0028,18.47,B,Storage
LOT-01619,FRM-0057,7.93,C,Storage
LOT-01620,FRM-0094,22.51,A,Intake
LOT-01621,FRM-0019,5.99,B,Packing
LOT-01622,FRM-0009,23.4,C,Storage
LOT-01623,FRM-0012,1.16,C,Packing
LOT-01624,FRM-0054,5.2,B,Quality
LOT-01625,FRM-0026,5.46,B,Packing
LOT-01626,FRM-0071,12.77,B,Packing
LOT-01627,FRM-0064,14.42,B,Quality
LOT-01628,FRM-0004,19.99,A,Packing
LOT-01629,FRM-0039,23.94,C,Storage
LOT-01630,FRM-0016,16.69,B,Storage
LOT-01631,FRM-0023,12.81,C,Quality
LOT-01632,FRM-0004,3.86,B,Storage
LOT-01633,FRM-0009,15.37,B,Storage
LOT-01634,FRM-0073,11.47,B,Storage
LOT-01635,FRM-0089,20.64,B,Intake
LOT-01636,FRM-0034,4.91,A,Quality
LOT-01637,FRM-0041,12.07,C,Quality
LOT-01638,FRM-0046,4.92,B,Packing
LOT-01639,FRM-0054,16.27,B,Intake
LOT-01640,FRM-0038,8.0,C,Intake
LOT-01641,FRM-0066,5.65,C,Quality
LOT-01642,FRM-0098,3.27,A,Packing
LOT-01643,FRM-0041,20.84,C,Packing
LOT-01644,FRM-0035,17.45,C,Packing
LOT-01645,FRM-0013,13.83,B,Quality
LOT-01646,FRM-0002,4.29,B,Packing
LOT-01647,FRM-0100,12.64,B,Quality
LOT-01648,FRM-0014,6.23,C,Quality
LOT-01649,FRM-0025,20.08,C,Intake
LOT-01650,FRM-0054,12.05,A,Intake
LOT-01651,FRM-0017,23.16,B,Packing
LOT-01652,FRM-0040,17.59,A,Storage
LOT-01653,FRM-0077,13.55,B,Quality
LOT-01654,FRM-0091,8.31,C,Intake
LOT-01655,FRM-0029,4.09,C,Quality
LOT-01656,FRM-0089,6.44,A,Quality
LOT-01657,FRM-0017,24.55,B,Intake
LOT-01658,FRM-0010,1.45,B,Storage
LOT-01659,FRM-0006,5.71,A,Intake
LOT-01660,FRM-0061,3.85,B,Intake
LOT-01661,FRM-0009,8.24,A,Intake
LOT-01662,FRM-0016,23.08,A,Quality
LOT-01663,FRM-0024,17.09,A,Intake
LOT-01664,FRM-0019,21.3,B,Packing
LOT-01665,FRM-0046,4.85,C,Quality
LOT-01666,FRM-0065,14.69,A,Intake
LOT-01667,FRM-0068,6.21,A,Packing
LOT-01668,FRM-0022,22.64,C,Intake
LOT-01669,FRM-0093,3.37,A,Storage
LOT-01670,FRM-0047,17.76,A,Storage
LOT-01671,FRM-0087,23.99,A,Packing
LOT-01672,FRM-0049,11.18,C,Quality
LOT-01673,FRM-0053,3.71,B,Intake
LOT-01674,FRM-0060,3.65,A,Storage
LOT-01675,FRM-0098,9.67,B,Intake
LOT-01676,FRM-0011,8.87,A,Storage
LOT-01677,FRM-0037,11.97,C,Packing
LOT-01678,FRM-0088,24.43,B,Quality
LOT-01679,FRM-0071,10.77,B,Quality
LOT-01680,FRM-0009,22.47,B,Packing
LOT-01681,FRM-0023,1.31,C,Storage
LOT-01682,FRM-0087,3.52,B,Intake
LOT-01683,FRM-0016,4.44,B,Intake
LOT-01684,FRM-0095,23.21,A,Intake
LOT-01685,FRM-0047,24.4,B,Quality
LOT-01686,FRM-0077,21.26,B,Intake
LOT-01687,FRM-0030,21.11,C,Storage
LOT-01688,FRM-0036,19.36,C,Packing
LOT-01689,FRM-0097,19.95,C,Storage
LOT-01690,FRM-0046,12.42,C,Storage
LOT-01691,FRM-0063,13.27,A,Storage
LOT-01692,FRM-0014,3.93,B,Storage
LOT-01693,FRM-0030,16.08,A,Intake
LOT-01694,FRM-0013,18.71,A,Storage
LOT-01695,FRM-0087,1.64,A,Storage
LOT-01696,FRM-0078,17.3,A,Packing
LOT-01697,FRM-0080,15.96,A,Storage
LOT-01698,FRM-0060,5.85,C,Storage
LOT-01699,FRM-0063,13.12,C,Packing
LOT-01700,FRM-0070,14.12,A,Storage
LOT-01701,FRM-0016,10.21,B,Storage
LOT-01702,FRM-0057,12.03,A,Quality
LOT-01703,FRM-0072,16.83,B,Quality
LOT-01704,FRM-0063,11.34,B,Storage
LOT-01705,FRM-0063,19.34,C,Storage
LOT-01706,FRM-0085,14.29,C,Storage
LOT-01707,FRM-0061,14.49,A,Intake
LOT-01708,FRM-0051,7.32,C,Storage
LOT-01709,FRM-0079,17.24,B,Packing
LOT-01710,FRM-0008,1.68,A,Quality
LOT-01711,FRM-0047,9.37,C,Intake
LOT-01712,FRM-0098,22.39,B,Storage
LOT-01713,FRM-0013,11.28,B,Storage
LOT-01714,FRM-0045,2.35,A,Quality
LOT-01715,FRM-0031,16.55,C,Intake
LOT-01716,FRM-0089,2.57,B,Intake
LOT-01717,FRM-0044,5.07,C,Packing
LOT-01718,FRM-0005,12.06,B,Storage
LOT-01719,FRM-0035,1.49,B,Intake
LOT-01720,FRM-0041,10.07,B,Packing
LOT-01721,FRM-0074,3.35,B,Intake
LOT-01722,FRM-0089,17.2,B,Storage
LOT-01723,FRM-0065,20.47,C,Packing
LOT-01724,FRM-0022,15.76,B,Storage
LOT-01725,FRM-0026,12.93,A,Quality
LOT-01726,FRM-0037,7.36,B,Storage
LOT-01727,FRM-0029,15.99,A,Intake
LOT-01728,FRM-0076,9.08,A,Storage
LOT-01729,FRM-0055,6.03,A,Packing
LOT-01730,FRM-0065,20.3,B,Packing
LOT-01731,FRM-0026,10.94,B,Storage
LOT-01732,FRM-0086,19.32,A,Intake
LOT-01733,FRM-0081,17.88,A,Storage
LOT-01734,FRM-0028,16.86,C,Storage
LOT-01735,FRM-0035,23.49,C,Storage
LOT-01736,FRM-0073,18.44,A,Quality
LOT-01737,FRM-0047,12.1,A,Quality
LOT-01738,FRM-0096,17.45,B,Storage
LOT-01739,FRM-0053,8.65,A,Quality
LOT-01740,FRM-0053,7.41,B,Quality
LOT-01741,FRM-0033,17.48,A,Storage
LOT-01742,FRM-0031,3.73,A,Intake
LOT-01743,FRM-0032,20.13,B,Storage
LOT-01744,FRM-0063,14.44,B,Storage
LOT-01745,FRM-0083,22.74,A,Quality
LOT-01746,FRM-0035,4.27,B,Packing
LOT-01747,FRM-0085,14.22,C,Intake
LOT-01748,FRM-0093,12.66,A,Intake
LOT-01749,FRM-0011,8.53,B,Intake
LOT-01750,FRM-0053,22.52,C,Intake
LOT-01751,FRM-0051,23.64,C,Quality
LOT-01752,FRM-0031,3.69,C,Intake
LOT-01753,FRM-0067,16.94,C,Packing
LOT-01754,FRM-0064,22.23,A,Intake
LOT-01755,FRM-0099,20.36,B,Storage
LOT-01756,FRM-0096,18.86,B,Quality
LOT-01757,FRM-0019,3.56,A,Packing
LOT-01758,FRM-0057,10.8,C,Intake
LOT-01759,FRM-0063,13.8,C,Intake
LOT-01760,FRM-0041,14.1,B,Quality
LOT-01761,FRM-0036,22.11,A,Packing
LOT-01762,FRM-0061,18.18,B,Intake
LOT-01763,FRM-0083,24.2,C,Intake
LOT-01764,FRM-0095,16.89,A,Quality
LOT-01765,FRM-0033,14.27,B,Packing
LOT-01766,FRM-0088,3.93,A,Storage
LOT-01767,FRM-0050,1.19,B,Packing
LOT-01768,FRM-0039,3.17,A,Packing
LOT-01769,FRM-0027,21.63,A,Storage
LOT-01770,FRM-0081,8.61,C,Storage
LOT-01771,FRM-0005,7.58,A,Storage
LOT-01772,FRM-0061,18.69,B,Storage
LOT-01773,FRM-0013,20.79,C,Packing
LOT-01774,FRM-0065,2.59,B,Packing
LOT-01775,FRM-0059,17.69,A,Quality
LOT-01776,FRM-0081,11.64,C,Quality
LOT-01777,FRM-0001,10.62,C,Packing
LOT-01778,FRM-0041,14.82,A,Quality
LOT-01779,FRM-0032,13.39,C,Quality
LOT-01780,FRM-0077,17.46,B,Storage
LOT-01781,FRM-0062,21.96,A,Packing
LOT-01782,FRM-0023,17.5,B,Packing
LOT-01783,FRM-0026,3.03,B,Quality
LOT-01784,FRM-0051,22.03,C,Quality
LOT-01785,FRM-0003,23.75,C,Quality
LOT-01786,FRM-0012,24.38,A,Packing
LOT-01787,FRM-0090,21.44,A,Storage
LOT-01788,FRM-0080,11.29,B,Quality
LOT-01789,FRM-0012,23.99,A,Intake
LOT-01790,FRM-0002,18.25,B,Storage
LOT-01791,FRM-0087,12.86,A,Quality
LOT-01792,FRM-0025,23.71,B,Packing
LOT-01793,FRM-0096,12.86,A,Storage
LOT-01794,FRM-0027,15.4,B,Quality
LOT-01795,FRM-0054,5.33,A,Intake
LOT-01796,FRM-0038,24.43,A,Storage
LOT-01797,FRM-0032,9.87,C,Storage
LOT-01798,FRM-0011,1.25,A,Packing
LOT-01799,FRM-0089,10.54,A,Storage
LOT-01800,FRM-0091,11.16,C,Packing
LOT-01801,FRM-0010,3.29,A,Intake
LOT-01802,FRM-0043,23.35,B,Packing
LOT-01803,FRM-0078,23.54,C,Intake
LOT-01804,FRM-0001,7.09,C,Storage
LOT-01805,FRM-0039,24.46,C,Packing
LOT-01806,FRM-0017,24.23,C,Intake
LOT-01807,FRM-0075,5.3,A,Storage
LOT-01808,FRM-0044,22.07,A,Intake
LOT-01809,FRM-0041,18.05,B,Quality
LOT-01810,FRM-0034,3.8,A,Quality
LOT-01811,FRM-0064,21.92,B,Packing
LOT-01812,FRM-0056,7.79,B,Packing
LOT-01813,FRM-0067,8.51,A,Packing
LOT-01814,FRM-0095,24.87,A,Storage
LOT-01815,FRM-0007,5.53,A,Quality
LOT-01816,FRM-0024,1.86,B,Quality
LOT-01817,FRM-0091,12.21,A,Storage
LOT-01818,FRM-0006,11.6,C,Storage
LOT-01819,FRM-0059,12.83,C,Quality
LOT-01820,FRM-0016,9.39,A,Packing
LOT-01821,FRM-0024,21.04,C,Packing
LOT-01822,FRM-0073,22.38,C,Quality
LOT-01823,FRM-0075,24.95,A,Quality
LOT-01824,FRM-0054,23.09,A,Storage
LOT-01825,FRM-0087,3.26,B,Intake
LOT-01826,FRM-0037,17.35,C,Intake
LOT-01827,FRM-0051,9.97,A,Packing
LOT-01828,FRM-0020,1.69,B,Storage
LOT-01829,FRM-0059,16.08,B,Intake
LOT-01830,FRM-0043,24.27,C,Storage
LOT-01831,FRM-0042,23.74,C,Quality
LOT-01832,FRM-0028,21.72,C,Packing
LOT-01833,FRM-0042,20.16,C,Intake
LOT-01834,FRM-0071,23.85,B,Intake
LOT-01835,FRM-0052,7.12,A,Storage
LOT-01836,FRM-0012,1.49,A,Quality
LOT-01837,FRM-0050,19.71,B,Quality
LOT-01838,FRM-0016,8.17,B,Packing
LOT-01839,FRM-0088,15.48,B,Intake
LOT-01840,FRM-0048,13.3,B,Storage
LOT-01841,FRM-0050,12.43,C,Storage
LOT-01842,FRM-0012,19.16,B,Quality
LOT-01843,FRM-0056,16.14,A,Intake
LOT-01844,FRM-0066,9.2,B,Quality
LOT-01845,FRM-0083,17.47,A,Storage
LOT-01846,FRM-0068,16.11,C,Intake
LOT-01847,FRM-0038,12.24,A,Storage
LOT-01848,FRM-0039,4.57,A,Packing
LOT-01849,FRM-0032,13.55,B,Intake
LOT-01850,FRM-0071,2.84,A,Intake
LOT-01851,FRM-0066,11.2,A,Storage
LOT-01852,FRM-0085,18.29,B,Packing
LOT-01853,FRM-0033,15.05,C,Intake
LOT-01854,FRM-0015,18.77,B,Quality
LOT-01855,FRM-0024,21.23,A,Intake
LOT-01856,FRM-0054,22.04,B,Packing
LOT-01857,FRM-0076,18.38,C,Storage
LOT-01858,FRM-0080,20.39,B,Quality
LOT-01859,FRM-0028,5.44,C,Packing
LOT-01860,FRM-0087,3.55,C,Intake
LOT-01861,FRM-0001,10.48,A,Quality
LOT-01862,FRM-0084,12.45,C,Storage
LOT-01863,FRM-0085,24.18,C,Storage
LOT-01864,FRM-0039,15.84,C,Packing
LOT-01865,FRM-0089,17.17,C,Storage
LOT-01866,FRM-0039,3.1,A,Intake
LOT-01867,FRM-0025,3.69,A,Quality
LOT-01868,FRM-0004,6.02,C,Quality
LOT-01869,FRM-0084,6.8,C,Quality
LOT-01870,FRM-0012,8.22,B,Quality
LOT-01871,FRM-0061,11.13,A,Quality
LOT-01872,FRM-0020,18.73,B,Storage
LOT-01873,FRM-0061,1.47,B,Quality
LOT-01874,FRM-0026,8.08,B,Intake
LOT-01875,FRM-0043,1.19,C,Storage
LOT-01876,FRM-0054,21.37,C,Packing
LOT-01877,FRM-0005,12.7,B,Storage
LOT-01878,FRM-0030,18.14,C,Intake
LOT-01879,FRM-0055,14.83,C,Intake
LOT-01880,FRM-0035,22.43,B,Storage
LOT-01881,FRM-0015,12.87,C,Packing
LOT-01882,FRM-0058,17.74,A,Quality
LOT-01883,FRM-0037,18.43,B,Packing
LOT-01884,FRM-0057,6.57,A,Packing
LOT-01885,FRM-0078,21.48,C,Storage
LOT-01886,FRM-0017,22.2,C,Storage
LOT-01887,FRM-0054,20.99,C,Packing
LOT-01888,FRM-0061,20.19,A,Quality
LOT-01889,FRM-0037,17.58,A,Storage
LOT-01890,FRM-0017,5.16,A,Storage
LOT-01891,FRM-0013,20.04,B,Packing
LOT-01892,FRM-0031,6.03,A,Intake
LOT-01893,FRM-0046,22.14,B,Quality
LOT-01894,FRM-0023,20.87,C,Intake
LOT-01895,FRM-0009,9.11,A,Quality
LOT-01896,FRM-0016,14.49,B,Packing
LOT-01897,FRM-0044,19.84,A,Packing
LOT-01898,FRM-0020,21.48,C,Intake
LOT-01899,FRM-0091,2.21,B,Storage
LOT-01900,FRM-0097,3.66,A,Intake
LOT-01901,FRM-0072,2.01,A,Quality
LOT-01902,FRM-0081,3.83,A,Packing
LOT-01903,FRM-0021,18.48,C,Storage
LOT-01904,FRM-0098,13.14,C,Intake
LOT-01905,FRM-0020,16.53,B,Quality
LOT-01906,FRM-0016,21.37,B,Storage
LOT-01907,FRM-0099,19.46,A,Storage
LOT-01908,FRM-0044,7.88,A,Intake
LOT-01909,FRM-0035,9.94,B,Packing
LOT-01910,FRM-0081,16.96,A,Storage
LOT-01911,FRM-0030,4.31,B,Storage
LOT-01912,FRM-0053,22.55,C,Packing
LOT-01913,FRM-0004,11.62,A,Intake
LOT-01914,FRM-0011,9.12,B,Quality
LOT-01915,FRM-0056,2.48,A,Quality
LOT-01916,FRM-0074,2.39,C,Packing
LOT-01917,FRM-0054,10.65,C,Packing
LOT-01918,FRM-0093,18.82,B,Intake
LOT-01919,FRM-0036,22.61,C,Quality
LOT-01920,FRM-0090,10.69,C,Quality
LOT-01921,FRM-0070,15.98,C,Storage
LOT-01922,FRM-0090,9.29,C,Storage
LOT-01923,FRM-0100,5.74,B,Intake
LOT-01924,FRM-0005,13.9,B,Quality
LOT-01925,FRM-0067,24.81,B,Quality
LOT-01926,FRM-0012,13.28,B,Packing
LOT-01927,FRM-0097,16.26,A,Intake
LOT-01928,FRM-0070,15.22,A,Packing
LOT-01929,FRM-0093,11.15,C,Intake
LOT-01930,FRM-0094,2.44,B,Packing
LOT-01931,FRM-0081,13.18,A,Intake
LOT-01932,FRM-0097,16.62,A,Storage
LOT-01933,FRM-0039,14.74,A,Storage
LOT-01934,FRM-0044,24.59,C,Quality
LOT-01935,FRM-0045,8.18,C,Quality
LOT-01936,FRM-0092,10.06,C,Quality
LOT-01937,FRM-0014,8.87,C,Quality
LOT-01938,FRM-0100,9.67,A,Quality
LOT-01939,FRM-0092,11.22,B,Intake
LOT-01940,FRM-0012,2.49,A,Storage
LOT-01941,FRM-0028,11.71,B,Storage
LOT-01942,FRM-0076,14.42,B,Packing
LOT-01943,FRM-0075,12.97,B,Storage
LOT-01944,FRM-0089,23.34,B,Storage
LOT-01945,FRM-0021,4.46,A,Storage
LOT-01946,FRM-0092,11.99,C,Intake
LOT-01947,FRM-0089,6.1,B,Intake
LOT-01948,FRM-0096,4.76,C,Packing
LOT-01949,FRM-0016,15.44,B,Intake
LOT-01950,FRM-0016,9.87,B,Intake
LOT-01951,FRM-0067,4.68,B,Packing
LOT-01952,FRM-0048,8.28,B,Intake
LOT-01953,FRM-0019,4.41,C,Storage
LOT-01954,FRM-0007,23.48,B,Packing
LOT-01955,FRM-0028,5.39,C,Storage
LOT-01956,FRM-0001,3.94,B,Intake
LOT-01957,FRM-0006,11.02,C,Packing
LOT-01958,FRM-0073,11.86,B,Storage
LOT-01959,FRM-0061,21.03,C,Quality
LOT-01960,FRM-0098,4.32,C,Storage
LOT-01961,FRM-0098,11.8,B,Quality
LOT-01962,FRM-0094,8.81,C,Storage
LOT-01963,FRM-0050,6.59,B,Packing
LOT-01964,FRM-0070,2.1,C,Storage
LOT-01965,FRM-0095,7.66,A,Quality
LOT-01966,FRM-0091,1.6,C,Packing
LOT-01967,FRM-0072,16.48,C,Intake
LOT-01968,FRM-0025,23.92,C,Intake
LOT-01969,FRM-0073,13.52,B,Intake
LOT-01970,FRM-0016,16.8,C,Quality
LOT-01971,FRM-0003,7.6,A,Quality
LOT-01972,FRM-0091,21.13,C,Storage
LOT-01973,FRM-0011,20.37,C,Packing
LOT-01974,FRM-0052,15.13,B,Intake
LOT-01975,FRM-0044,11.49,B,Intake
LOT-01976,FRM-0068,8.62,B,Intake
LOT-01977,FRM-0015,24.51,C,Quality
LOT-01978,FRM-0037,4.46,B,Intake
LOT-01979,FRM-0020,8.36,B,Quality
LOT-01980,FRM-0008,15.75,B,Quality
LOT-01981,FRM-0004,18.12,B,Storage
LOT-01982,FRM-0013,8.68,B,Packing
LOT-01983,FRM-0034,10.01,A,Intake
LOT-01984,FRM-0026,6.75,C,Quality
LOT-01985,FRM-0064,13.21,C,Storage
LOT-01986,FRM-0015,7.46,B,Storage
LOT-01987,FRM-0071,10.77,B,Intake
LOT-01988,FRM-0053,16.2,A,Packing
LOT-01989,FRM-0071,24.12,C,Intake
LOT-01990,FRM-0032,19.31,C,Quality
LOT-01991,FRM-0039,14.64,B,Intake
LOT-01992,FRM-0082,13.01,A,Packing
LOT-01993,FRM-0070,24.65,A,Storage
LOT-01994,FRM-0072,11.84,A,Storage
LOT-01995,FRM-0080,7.94,A,Intake
LOT-01996,FRM-0008,23.4,B,Packing
LOT-01997,FRM-0077,7.02,C,Storage
LOT-01998,FRM-0045,21.22,A,Packing
LOT-01999,FRM-0006,4.87,C,Intake
LOT-02000,FRM-0039,3.15,C,Intake
LOT-02001,FRM-0018,18.4,B,Storage
LOT-02002,FRM-0027,15.65,B,Packing
LOT-02003,FRM-0082,7.27,C,Storage
LOT-02004,FRM-0035,6.9,B,Packing
LOT-02005,FRM-0027,12.04,C,Packing
LOT-02006,FRM-0003,22.94,A,Intake
LOT-02007,FRM-0078,12.44,A,Quality
LOT-02008,FRM-0053,14.34,C,Storage
LOT-02009,FRM-0098,10.43,A,Intake
LOT-02010,FRM-0069,1.74,C,Storage
LOT-02011,FRM-0087,3.96,B,Packing
LOT-02012,FRM-0050,5.25,C,Intake
LOT-02013,FRM-0016,12.1,A,Storage
LOT-02014,FRM-0002,6.32,A,Packing
LOT-02015,FRM-0088,23.11,B,Quality
LOT-02016,FRM-0012,20.59,C,Packing
LOT-02017,FRM-0092,6.31,B,Packing
LOT-02018,FRM-0005,7.74,C,Quality
LOT-02019,FRM-0001,5.71,C,Storage
LOT-02020,FRM-0015,21.88,C,Storage
LOT-02021,FRM-0022,14.24,C,Quality
LOT-02022,FRM-0009,15.12,C,Intake
LOT-02023,FRM-0017,7.23,C,Quality
LOT-02024,FRM-0067,18.49,B,Quality
LOT-02025,FRM-0087,1.55,C,Packing
LOT-02026,FRM-0088,14.44,B,Intake
LOT-02027,FRM-0055,16.38,C,Intake
LOT-02028,FRM-0042,11.38,B,Packing
LOT-02029,FRM-0016,17.32,B,Storage
LOT-02030,FRM-0047,13.41,A,Quality
LOT-02031,FRM-0007,7.67,B,Storage
LOT-02032,FRM-0041,1.12,A,Packing
LOT-02033,FRM-0011,22.12,A,Quality
LOT-02034,FRM-0089,11.17,A,Quality
LOT-02035,FRM-0026,4.95,B,Intake
LOT-02036,FRM-0081,16.01,A,Storage
LOT-02037,FRM-0056,20.39,C,Packing
LOT-02038,FRM-0033,6.93,B,Quality
LOT-02039,FRM-0044,20.98,B,Quality
LOT-02040,FRM-0010,19.62,C,Storage
LOT-02041,FRM-0098,3.3,B,Intake
LOT-02042,FRM-0011,24.39,A,Storage
LOT-02043,FRM-0041,22.36,C,Intake
LOT-02044,FRM-0017,2.49,B,Intake
LOT-02045,FRM-0039,15.66,B,Intake
LOT-02046,FRM-0014,17.26,C,Intake
LOT-02047,FRM-0038,21.4,B,Intake
LOT-02048,FRM-0080,19.05,A,Intake
LOT-02049,FRM-0059,10.21,B,Intake
LOT-02050,FRM-0044,16.62,C,Intake
LOT-02051,FRM-0059,13.41,C,Quality
LOT-02052,FRM-0014,3.46,C,Intake
LOT-02053,FRM-0076,19.95,A,Quality
LOT-02054,FRM-0082,13.21,B,Storage
LOT-02055,FRM-0062,18.39,B,Quality
LOT-02056,FRM-0032,4.3,A,Intake
LOT-02057,FRM-0017,8.48,B,Packing
LOT-02058,FRM-0040,15.01,C,Quality
LOT-02059,FRM-0019,12.27,C,Packing
LOT-02060,FRM-0038,9.85,A,Quality
LOT-02061,FRM-0008,6.7,C,Intake
LOT-02062,FRM-0055,9.25,A,Quality
LOT-02063,FRM-0009,9.2,C,Storage
LOT-02064,FRM-0089,17.6,B,Packing
LOT-02065,FRM-0075,14.59,B,Packing
LOT-02066,FRM-0054,8.89,A,Storage
LOT-02067,FRM-0006,12.9,A,Quality
LOT-02068,FRM-0089,6.53,C,Quality
LOT-02069,FRM-0031,12.54,B,Storage
LOT-02070,FRM-0027,10.61,A,Packing
LOT-02071,FRM-0002,2.77,A,Intake
LOT-02072,FRM-0019,7.97,A,Packing
LOT-02073,FRM-0006,24.41,A,Quality
LOT-02074,FRM-0037,5.18,B,Quality
LOT-02075,FRM-0044,21.34,A,Quality
LOT-02076,FRM-0026,1.52,B,Intake
LOT-02077,FRM-0003,20.95,A,Storage
LOT-02078,FRM-0084,19.9,A,Packing
LOT-02079,FRM-0027,8.32,A,Packing
LOT-02080,FRM-0048,16.86,C,Storage
LOT-02081,FRM-0092,2.57,A,Quality
LOT-02082,FRM-0025,5.6,B,Packing
LOT-02083,FRM-0041,15.39,C,Quality
LOT-02084,FRM-0006,19.31,C,Quality
LOT-02085,FRM-0069,8.06,A,Packing
LOT-02086,FRM-0032,2.28,B,Quality
LOT-02087,FRM-0066,24.24,B,Quality
LOT-02088,FRM-0094,2.95,B,Intake
LOT-02089,FRM-0022,13.21,C,Packing
LOT-02090,FRM-0064,13.45,A,Packing
LOT-02091,FRM-0092,9.97,C,Storage
LOT-02092,FRM-0092,23.94,B,Packing
LOT-02093,FRM-0075,10.62,C,Intake
LOT-02094,FRM-0027,6.27,A,Storage
LOT-02095,FRM-0031,10.5,B,Storage
LOT-02096,FRM-0049,14.71,B,Packing
LOT-02097,FRM-0071,3.03,A,Packing
LOT-02098,FRM-0057,13.45,A,Intake
LOT-02099,FRM-0060,13.29,B,Storage
LOT-02100,FRM-0058,12.22,B,Packing
LOT-02101,FRM-0064,8.61,B,Intake
LOT-02102,FRM-0023,11.6,B,Intake
LOT-02103,FRM-0046,22.64,B,Intake
LOT-02104,FRM-0036,23.24,A,Intake
LOT-02105,FRM-0010,9.65,C,Quality
LOT-02106,FRM-0043,5.72,B,Packing
LOT-02107,FRM-0039,18.89,C,Packing
LOT-02108,FRM-0025,17.94,A,Packing
LOT-02109,FRM-0002,19.48,B,Packing
LOT-02110,FRM-0052,23.7,C,Intake
LOT-02111,FRM-0061,16.7,A,Storage
LOT-02112,FRM-0030,6.45,C,Quality
LOT-02113,FRM-0061,6.61,C,Storage
LOT-02114,FRM-0093,20.55,B,Intake
LOT-02115,FRM-0041,21.3,B,Storage
LOT-02116,FRM-0027,11.53,C,Intake
LOT-02117,FRM-0048,4.33,A,Packing
LOT-02118,FRM-0095,1.23,C,Packing
LOT-02119,FRM-0044,6.41,B,Storage
LOT-02120,FRM-0098,19.69,C,Packing
LOT-02121,FRM-0042,15.09,C,Intake
LOT-02122,FRM-0018,4.69,B,Storage
LOT-02123,FRM-0049,5.9,B,Intake
LOT-02124,FRM-0069,10.27,B,Intake
LOT-02125,FRM-0043,14.67,B,Packing
LOT-02126,FRM-0012,5.11,C,Quality
LOT-02127,FRM-0005,20.84,C,Storage
LOT-02128,FRM-0004,5.48,A,Storage
LOT-02129,FRM-0037,5.94,B,Intake
LOT-02130,FRM-0059,2.38,C,Intake
LOT-02131,FRM-0022,8.84,B,Storage
LOT-02132,FRM-0021,24.75,A,Storage
LOT-02133,FRM-0062,18.84,B,Quality
LOT-02134,FRM-0017,21.89,B,Storage
LOT-02135,FRM-0091,16.96,A,Packing
LOT-02136,FRM-0076,5.87,C,Storage
LOT-02137,FRM-0036,5.84,A,Storage
LOT-02138,FRM-0009,20.79,C,Quality
LOT-02139,FRM-0068,8.89,C,Storage
LOT-02140,FRM-0059,12.1,A,Intake
LOT-02141,FRM-0037,16.51,B,Packing
LOT-02142,FRM-0090,21.22,B,Storage
LOT-02143,FRM-0079,20.76,A,Storage
LOT-02144,FRM-0032,5.31,C,Storage
LOT-02145,FRM-0059,10.23,C,Quality
LOT-02146,FRM-0090,14.65,B,Intake
LOT-02147,FRM-0031,22.25,A,Packing
LOT-02148,FRM-0081,13.91,C,Intake
LOT-02149,FRM-0090,18.44,A,Storage
LOT-02150,FRM-0053,24.82,C,Intake
LOT-02151,FRM-0048,2.84,A,Packing
LOT-02152,FRM-0053,11.82,B,Quality
LOT-02153,FRM-0065,2.07,A,Intake
LOT-02154,FRM-0082,17.67,C,Storage
LOT-02155,FRM-0049,9.25,B,Quality
LOT-02156,FRM-0051,1.91,B,Intake
LOT-02157,FRM-0091,23.01,B,Storage
LOT-02158,FRM-0063,12.07,A,Quality
LOT-02159,FRM-0092,23.8,A,Storage
LOT-02160,FRM-0036,21.2,A,Intake
LOT-02161,FRM-0078,3.41,B,Intake
LOT-02162,FRM-0069,18.79,A,Intake
LOT-02163,FRM-0086,19.33,C,Packing
LOT-02164,FRM-0020,11.58,A,Quality
LOT-02165,FRM-0092,1.83,C,Quality
LOT-02166,FRM-0057,17.72,C,Intake
LOT-02167,FRM-0050,17.57,B,Intake
LOT-02168,FRM-0077,1.11,B,Quality
LOT-02169,FRM-0032,9.99,A,Quality
LOT-02170,FRM-0012,1.38,A,Intake
LOT-02171,FRM-0044,20.69,C,Intake
LOT-02172,FRM-0029,24.01,A,Quality
LOT-02173,FRM-0093,5.01,B,Intake
LOT-02174,FRM-0042,8.74,C,Quality
LOT-02175,FRM-0080,5.97,C,Storage
LOT-02176,FRM-0055,3.9,A,Intake
LOT-02177,FRM-0046,8.76,A,Storage
LOT-02178,FRM-0084,8.59,B,Quality
LOT-02179,FRM-0059,6.28,C,Packing
LOT-02180,FRM-0084,15.97,A,Intake
LOT-02181,FRM-0028,10.87,C,Storage
LOT-02182,FRM-0014,18.1,C,Quality
LOT-02183,FRM-0033,24.02,C,Packing
LOT-02184,FRM-0081,17.71,C,Quality
LOT-02185,FRM-0043,5.21,C,Packing
LOT-02186,FRM-0086,12.57,B,Intake
LOT-02187,FRM-0078,22.89,B,Storage
LOT-02188,FRM-0066,16.37,A,Intake
LOT-02189,FRM-0030,1.51,A,Packing
LOT-02190,FRM-0031,18.71,A,Intake
LOT-02191,FRM-0008,4.3,B,Packing
LOT-02192,FRM-0026,4.64,A,Intake
LOT-02193,FRM-0031,23.16,C,Storage
LOT-02194,FRM-0095,22.06,A,Packing
LOT-02195,FRM-0041,16.45,A,Storage
LOT-02196,FRM-0083,20.51,A,Quality
LOT-02197,FRM-0094,8.95,A,Quality
LOT-02198,FRM-0070,2.3,C,Quality
LOT-02199,FRM-0088,17.71,A,Storage
LOT-02200,FRM-0067,8.72,B,Intake
LOT-02201,FRM-0009,21.88,A,Quality
LOT-02202,FRM-0007,16.22,A,Quality
LOT-02203,FRM-0017,3.2,C,Quality
LOT-02204,FRM-0031,13.18,B,Storage
LOT-02205,FRM-0040,4.94,A,Quality
LOT-02206,FRM-0055,5.23,A,Packing
LOT-02207,FRM-0037,14.83,C,Quality
LOT-02208,FRM-0035,21.7,B,Intake
LOT-02209,FRM-0047,10.56,A,Storage
LOT-02210,FRM-0057,11.14,C,Storage
LOT-02211,FRM-0098,4.74,B,Intake
LOT-02212,FRM-0098,10.15,A,Packing
LOT-02213,FRM-0077,13.89,C,Quality
LOT-02214,FRM-0033,10.13,B,Storage
LOT-02215,FRM-0037,10.0,C,Storage
LOT-02216,FRM-0010,9.0,C,Storage
LOT-02217,FRM-0026,4.71,A,Intake
LOT-02218,FRM-0002,21.68,C,Packing
LOT-02219,FRM-0063,10.71,B,Storage
LOT-02220,FRM-0096,9.96,B,Packing
LOT-02221,FRM-0083,24.7,A,Storage
LOT-02222,FRM-0005,24.82,A,Storage
LOT-02223,FRM-0073,4.9,B,Packing
LOT-02224,FRM-0099,22.91,C,Packing
LOT-02225,FRM-0066,18.02,C,Packing
LOT-02226,FRM-0090,2.38,B,Storage
LOT-02227,FRM-0095,6.92,B,Intake
LOT-02228,FRM-0047,16.14,C,Intake
LOT-02229,FRM-0090,16.98,A,Packing
LOT-02230,FRM-0078,11.93,C,Quality
LOT-02231,FRM-0033,6.94,C,Quality
LOT-02232,FRM-0002,3.8,A,Storage
LOT-02233,FRM-0051,17.95,A,Quality
LOT-02234,FRM-0055,4.98,B,Packing
LOT-02235,FRM-0089,8.25,C,Storage
LOT-02236,FRM-0076,8.39,B,Intake
LOT-02237,FRM-0014,16.27,B,Quality
LOT-02238,FRM-0035,18.97,C,Storage
LOT-02239,FRM-0090,8.39,A,Storage
LOT-02240,FRM-0001,3.32,C,Storage
LOT-02241,FRM-0068,11.0,B,Storage
LOT-02242,FRM-0022,5.23,A,Quality
LOT-02243,FRM-0026,12.68,C,Intake
LOT-02244,FRM-0058,14.61,A,Quality
LOT-02245,FRM-0026,2.42,A,Quality
LOT-02246,FRM-0034,24.59,B,Storage
LOT-02247,FRM-0081,22.91,A,Quality
LOT-02248,FRM-0011,8.04,B,Intake
LOT-02249,FRM-0036,2.54,A,Quality
LOT-02250,FRM-0062,12.64,A,Intake
LOT-02251,FRM-0008,7.39,A,Intake
LOT-02252,FRM-0013,6.07,A,Storage
LOT-02253,FRM-0078,13.48,B,Storage
LOT-02254,FRM-0061,19.17,C,Storage
LOT-02255,FRM-0044,9.9,B,Packing
LOT-02256,FRM-0031,23.58,C,Storage
LOT-02257,FRM-0049,15.66,B,Packing
LOT-02258,FRM-0013,1.07,C,Storage
LOT-02259,FRM-0093,21.05,A,Intake
LOT-02260,FRM-0078,3.95,C,Packing
LOT-02261,FRM-0090,19.03,A,Packing
LOT-02262,FRM-0058,15.84,C,Storage
LOT-02263,FRM-0066,10.92,A,Intake
LOT-02264,FRM-0082,23.98,B,Intake
LOT-02265,FRM-0082,9.64,A,Packing
LOT-02266,FRM-0087,11.66,C,Storage
LOT-02267,FRM-0052,18.74,A,Packing
LOT-02268,FRM-0055,23.54,B,Intake
LOT-02269,FRM-0094,10.24,C,Quality
LOT-02270,FRM-0092,4.44,C,Intake
LOT-02271,FRM-0017,12.95,A,Packing
LOT-02272,FRM-0087,24.91,B,Quality
LOT-02273,FRM-0058,23.92,B,Quality
LOT-02274,FRM-0032,6.08,C,Intake
LOT-02275,FRM-0014,11.44,C,Intake
LOT-02276,FRM-0021,23.3,B,Storage
LOT-02277,FRM-0099,7.73,C,Packing
LOT-02278,FRM-0086,12.43,C,Intake
LOT-02279,FRM-0086,4.26,C,Storage
LOT-02280,FRM-0012,20.09,B,Quality
LOT-02281,FRM-0074,19.39,C,Intake
LOT-02282,FRM-0083,9.24,C,Storage
LOT-02283,FRM-0084,16.41,C,Storage
LOT-02284,FRM-0030,6.37,A,Packing
LOT-02285,FRM-0012,3.67,B,Quality
LOT-02286,FRM-0096,23.61,C,Packing
LOT-02287,FRM-0017,21.48,B,Intake
LOT-02288,FRM-0040,2.49,C,Quality
LOT-02289,FRM-0050,24.52,B,Packing
LOT-02290,FRM-0087,23.41,A,Quality
LOT-02291,FRM-0014,10.49,C,Storage
LOT-02292,FRM-0041,4.47,B,Quality
LOT-02293,FRM-0064,17.32,A,Packing
LOT-02294,FRM-0019,18.93,C,Intake
LOT-02295,FRM-0077,8.68,C,Intake
LOT-02296,FRM-0036,24.92,C,Storage
LOT-02297,FRM-0081,20.89,B,Packing
LOT-02298,FRM-0091,24.2,A,Packing
LOT-02299,FRM-0020,20.87,A,Quality
LOT-02300,FRM-0090,18.66,A,Storage
LOT-02301,FRM-0094,10.4,C,Quality
LOT-02302,FRM-0003,14.15,B,Storage
LOT-02303,FRM-0087,12.36,B,Storage
LOT-02304,FRM-0051,2.72,C,Packing
LOT-02305,FRM-0037,17.71,A,Storage
LOT-02306,FRM-0013,4.14,C,Intake
LOT-02307,FRM-0091,8.3,C,Quality
LOT-02308,FRM-0074,4.3,C,Storage
LOT-02309,FRM-0038,22.53,A,Quality
LOT-02310,FRM-0096,5.7,C,Intake
LOT-02311,FRM-0047,18.42,C,Intake
LOT-02312,FRM-0087,19.85,A,Storage
LOT-02313,FRM-0055,17.31,A,Intake
LOT-02314,FRM-0013,9.53,B,Quality
LOT-02315,FRM-0007,3.82,C,Packing
LOT-02316,FRM-0076,11.41,A,Storage
LOT-02317,FRM-0032,1.82,A,Storage
LOT-02318,FRM-0063,8.26,C,Quality
LOT-02319,FRM-0084,18.88,C,Intake
LOT-02320,FRM-0100,12.13,C,Storage
LOT-02321,FRM-0036,16.18,B,Packing
LOT-02322,FRM-0002,3.88,A,Intake
LOT-02323,FRM-0063,16.39,C,Quality
LOT-02324,FRM-0003,15.08,C,Storage
LOT-02325,FRM-0036,17.65,A,Quality
LOT-02326,FRM-0050,12.62,C,Storage
LOT-02327,FRM-0039,14.71,A,Packing
LOT-02328,FRM-0009,18.13,C,Quality
LOT-02329,FRM-0052,20.51,A,Storage
LOT-02330,FRM-0072,20.62,C,Storage
LOT-02331,FRM-0009,13.45,C,Intake
LOT-02332,FRM-0097,19.07,C,Intake
LOT-02333,FRM-0024,21.69,C,Quality
LOT-02334,FRM-0001,14.31,B,Intake
LOT-02335,FRM-0006,4.09,A,Quality
LOT-02336,FRM-0012,14.5,A,Intake
LOT-02337,FRM-0016,13.15,B,Quality
LOT-02338,FRM-0055,24.45,C,Intake
LOT-02339,FRM-0032,8.21,C,Packing
LOT-02340,FRM-0085,13.82,A,Storage
LOT-02341,FRM-0089,8.51,B,Quality
LOT-02342,FRM-0089,3.38,A,Quality
LOT-02343,FRM-0005,5.51,B,Quality
LOT-02344,FRM-0018,15.45,A,Packing
LOT-02345,FRM-0036,4.08,C,Storage
LOT-02346,FRM-0010,14.2,B,Storage
LOT-02347,FRM-0084,22.69,B,Storage
LOT-02348,FRM-0011,23.67,C,Storage
LOT-02349,FRM-0089,4.44,A,Intake
LOT-02350,FRM-0081,18.58,C,Quality
LOT-02351,FRM-0092,9.93,C,Quality
LOT-02352,FRM-0054,20.72,B,Storage
LOT-02353,FRM-0049,1.62,C,Quality
LOT-02354,FRM-0010,7.48,C,Intake
LOT-02355,FRM-0088,14.16,A,Packing
LOT-02356,FRM-0082,3.14,B,Packing
LOT-02357,FRM-0019,21.85,A,Packing
LOT-02358,FRM-0002,3.35,A,Storage
LOT-02359,FRM-0014,19.79,A,Quality
LOT-02360,FRM-0068,18.48,B,Storage
LOT-02361,FRM-0013,13.7,C,Packing
LOT-02362,FRM-0071,7.51,A,Intake
LOT-02363,FRM-0022,8.63,B,Quality
LOT-02364,FRM-0045,20.35,C,Storage
LOT-02365,FRM-0062,15.22,B,Intake
LOT-02366,FRM-0088,13.33,A,Quality
LOT-02367,FRM-0019,10.09,C,Packing
LOT-02368,FRM-0007,23.04,C,Packing
LOT-02369,FRM-0091,19.66,C,Storage
LOT-02370,FRM-0091,11.99,B,Packing
LOT-02371,FRM-0060,13.05,B,Storage
LOT-02372,FRM-0067,23.6,A,Packing
LOT-02373,FRM-0082,21.59,B,Storage
LOT-02374,FRM-0099,8.51,A,Intake
LOT-02375,FRM-0010,18.52,A,Quality
LOT-02376,FRM-0074,2.38,C,Packing
LOT-02377,FRM-0071,23.31,A,Storage
LOT-02378,FRM-0087,13.21,C,Quality
LOT-02379,FRM-0062,12.95,C,Intake
LOT-02380,FRM-0052,1.33,A,Intake
LOT-02381,FRM-0092,11.2,C,Packing
LOT-02382,FRM-0032,24.86,C,Intake
LOT-02383,FRM-0078,11.77,A,Quality
LOT-02384,FRM-0023,2.8,A,Packing
LOT-02385,FRM-0007,11.15,B,Quality
LOT-02386,FRM-0048,24.27,B,Quality
LOT-02387,FRM-0070,21.42,A,Packing
LOT-02388,FRM-0039,12.59,B,Quality
LOT-02389,FRM-0001,18.71,C,Storage
LOT-02390,FRM-0028,23.15,C,Intake
LOT-02391,FRM-0060,22.42,B,Intake
LOT-02392,FRM-0046,1.14,B,Packing
LOT-02393,FRM-0039,9.49,A,Packing
LOT-02394,FRM-0093,5.47,B,Intake
LOT-02395,FRM-0013,11.34,A,Intake
LOT-02396,FRM-0068,13.34,A,Storage
LOT-02397,FRM-0016,22.91,A,Quality
LOT-02398,FRM-0099,16.76,A,Storage
LOT-02399,FRM-0051,9.98,B,Storage
LOT-02400,FRM-0024,13.87,B,Intake
LOT-02401,FRM-0057,16.75,B,Quality
LOT-02402,FRM-0018,9.49,B,Intake
LOT-02403,FRM-0046,22.21,C,Quality
LOT-02404,FRM-0015,5.55,A,Quality
LOT-02405,FRM-0051,11.11,B,Intake
LOT-02406,FRM-0021,16.99,B,Packing
LOT-02407,FRM-0016,11.11,C,Storage
LOT-02408,FRM-0088,18.14,B,Storage
LOT-02409,FRM-0065,18.42,C,Storage
LOT-02410,FRM-0017,3.63,A,Intake
LOT-02411,FRM-0017,4.73,C,Intake
LOT-02412,FRM-0099,17.43,A,Packing
LOT-02413,FRM-0055,24.43,C,Intake
LOT-02414,FRM-0056,12.52,B,Storage
LOT-02415,FRM-0011,19.26,A,Quality
LOT-02416,FRM-0094,13.27,A,Packing
LOT-02417,FRM-0099,3.76,B,Quality
LOT-02418,FRM-0086,20.69,A,Storage
LOT-02419,FRM-0091,19.79,A,Quality
LOT-02420,FRM-0025,24.82,C,Quality
LOT-02421,FRM-0030,3.89,B,Intake
LOT-02422,FRM-0036,24.77,A,Storage
LOT-02423,FRM-0003,15.8,A,Intake
LOT-02424,FRM-0049,10.78,B,Quality
LOT-02425,FRM-0029,9.07,B,Intake
LOT-02426,FRM-0066,11.25,A,Packing
LOT-02427,FRM-0015,7.46,B,Packing
LOT-02428,FRM-0092,11.03,B,Intake
LOT-02429,FRM-0024,1.98,A,Packing
LOT-02430,FRM-0028,7.85,B,Intake
LOT-02431,FRM-0056,5.44,B,Packing
LOT-02432,FRM-0043,8.3,A,Intake
LOT-02433,FRM-0088,14.24,A,Packing
LOT-02434,FRM-0047,18.79,B,Packing
LOT-02435,FRM-0031,16.61,A,Storage
LOT-02436,FRM-0012,22.29,A,Intake
LOT-02437,FRM-0006,15.08,C,Quality
LOT-02438,FRM-0025,17.91,A,Intake
LOT-02439,FRM-0070,15.86,B,Storage
LOT-02440,FRM-0098,5.85,C,Quality
LOT-02441,FRM-0006,4.07,B,Packing
LOT-02442,FRM-0098,21.48,C,Packing
LOT-02443,FRM-0047,11.76,C,Intake
LOT-02444,FRM-0056,2.63,B,Intake
LOT-02445,FRM-0022,15.38,C,Quality
LOT-02446,FRM-0038,2.09,C,Intake
LOT-02447,FRM-0089,5.56,B,Storage
LOT-02448,FRM-0088,13.78,C,Intake
LOT-02449,FRM-0022,11.51,C,Storage
LOT-02450,FRM-0072,19.7,B,Packing
LOT-02451,FRM-0027,5.42,A,Quality
LOT-02452,FRM-0076,17.72,C,Storage
LOT-02453,FRM-0065,17.99,C,Packing
LOT-02454,FRM-0039,21.46,B,Packing
LOT-02455,FRM-0071,3.86,A,Intake
LOT-02456,FRM-0069,6.72,A,Quality
LOT-02457,FRM-0036,23.25,B,Intake
LOT-02458,FRM-0083,24.52,A,Intake
LOT-02459,FRM-0001,16.57,C,Packing
LOT-02460,FRM-0042,3.0,C,Packing
LOT-02461,FRM-0093,4.21,C,Packing
LOT-02462,FRM-0042,24.65,C,Intake
LOT-02463,FRM-0046,6.26,B,Quality
LOT-02464,FRM-0033,24.32,C,Intake
LOT-02465,FRM-0093,18.9,B,Packing
LOT-02466,FRM-0081,16.22,C,Quality
LOT-02467,FRM-0057,6.3,B,Quality
LOT-02468,FRM-0075,16.12,B,Quality
LOT-02469,FRM-0058,6.56,C,Storage
LOT-02470,FRM-0048,4.56,B,Intake
LOT-02471,FRM-0064,5.36,A,Quality
LOT-02472,FRM-0025,14.67,C,Quality
LOT-02473,FRM-0083,7.77,B,Quality
LOT-02474,FRM-0023,20.62,C,Quality
LOT-02475,FRM-0009,4.44,B,Quality
LOT-02476,FRM-0059,22.82,B,Intake
LOT-02477,FRM-0093,13.64,C,Intake
LOT-02478,FRM-0078,3.39,B,Intake
LOT-02479,FRM-0015,20.84,C,Intake
LOT-02480,FRM-0017,6.96,A,Packing
LOT-02481,FRM-0019,23.53,C,Intake
LOT-02482,FRM-0002,23.98,A,Packing
LOT-02483,FRM-0091,3.04,A,Storage
LOT-02484,FRM-0098,14.51,B,Quality
LOT-02485,FRM-0040,8.96,A,Quality
LOT-02486,FRM-0008,14.04,B,Intake
LOT-02487,FRM-0003,20.8,A,Packing
LOT-02488,FRM-0014,13.28,B,Quality
LOT-02489,FRM-0001,22.89,A,Quality
LOT-02490,FRM-0055,10.25,B,Packing
LOT-02491,FRM-0029,23.12,C,Storage
LOT-02492,FRM-0088,22.22,A,Storage
LOT-02493,FRM-0022,24.78,A,Intake
LOT-02494,FRM-0037,9.58,C,Packing
LOT-02495,FRM-0016,9.65,A,Intake
LOT-02496,FRM-0078,4.63,B,Packing
LOT-02497,FRM-0077,5.35,B,Quality
LOT-02498,FRM-0086,17.49,C,Packing
LOT-02499,FRM-0045,22.01,B,Storage
LOT-02500,FRM-0085,9.86,B,Intake
LOT-02501,FRM-0001,21.68,A,Quality
LOT-02502,FRM-0041,4.55,B,Storage
LOT-02503,FRM-0009,3.72,B,Packing
LOT-02504,FRM-0019,3.17,A,Quality
LOT-02505,FRM-0099,10.24,B,Storage
LOT-02506,FRM-0055,12.55,B,Packing
LOT-02507,FRM-0018,20.25,C,Quality
LOT-02508,FRM-0050,11.05,B,Storage
LOT-02509,FRM-0069,13.87,A,Storage
LOT-02510,FRM-0011,14.94,B,Quality
LOT-02511,FRM-0090,3.09,B,Intake
LOT-02512,FRM-0027,24.85,A,Packing
LOT-02513,FRM-0072,12.37,A,Intake
LOT-02514,FRM-0008,22.87,B,Quality
LOT-02515,FRM-0038,12.05,C,Storage
LOT-02516,FRM-0032,6.06,A,Intake
LOT-02517,FRM-0096,4.31,C,Quality
LOT-02518,FRM-0049,18.59,C,Storage
LOT-02519,FRM-0048,2.3,A,Intake
LOT-02520,FRM-0062,21.1,A,Intake
LOT-02521,FRM-0019,9.77,A,Quality
LOT-02522,FRM-0010,1.3,B,Quality
LOT-02523,FRM-0098,5.38,C,Quality
LOT-02524,FRM-0096,13.66,B,Storage
LOT-02525,FRM-0053,18.34,B,Intake
LOT-02526,FRM-0037,3.67,A,Intake
LOT-02527,FRM-0078,19.03,C,Quality
LOT-02528,FRM-0002,10.51,B,Storage
LOT-02529,FRM-0071,18.07,B,Packing
LOT-02530,FRM-0091,6.46,A,Packing
LOT-02531,FRM-0012,13.52,A,Quality
LOT-02532,FRM-0052,15.86,A,Storage
LOT-02533,FRM-0024,20.74,C,Intake
LOT-02534,FRM-0089,12.24,B,Storage
LOT-02535,FRM-0049,4.96,B,Storage
LOT-02536,FRM-0025,7.48,A,Intake
LOT-02537,FRM-0047,15.48,B,Intake
LOT-02538,FRM-0031,7.77,C,Intake
LOT-02539,FRM-0009,6.09,A,Packing
LOT-02540,FRM-0025,14.24,C,Intake
LOT-02541,FRM-0031,7.46,C,Intake
LOT-02542,FRM-0073,24.68,B,Intake
LOT-02543,FRM-0007,8.55,B,Intake
LOT-02544,FRM-0046,19.04,B,Quality
LOT-02545,FRM-0041,19.04,C,Packing
LOT-02546,FRM-0017,17.86,A,Packing
LOT-02547,FRM-0053,22.52,C,Intake
LOT-02548,FRM-0065,20.38,A,Intake
LOT-02549,FRM-0076,20.11,B,Intake
LOT-02550,FRM-0038,4.87,C,Storage
LOT-02551,FRM-0011,22.24,A,Quality
LOT-02552,FRM-0028,20.38,C,Quality
LOT-02553,FRM-0099,18.25,C,Packing
LOT-02554,FRM-0058,19.85,B,Packing
LOT-02555,FRM-0047,15.96,B,Intake
LOT-02556,FRM-0092,19.58,B,Quality
LOT-02557,FRM-0027,24.93,C,Intake
LOT-02558,FRM-0020,14.61,B,Intake
LOT-02559,FRM-0002,4.42,B,Intake
LOT-02560,FRM-0064,3.26,B,Quality
LOT-02561,FRM-0038,4.88,B,Packing
LOT-02562,FRM-0046,3.14,A,Storage
LOT-02563,FRM-0034,24.67,B,Storage
LOT-02564,FRM-0084,23.18,A,Storage
LOT-02565,FRM-0006,9.72,B,Storage
LOT-02566,FRM-0053,21.57,C,Quality
LOT-02567,FRM-0057,9.8,C,Packing
LOT-02568,FRM-0048,3.0,B,Storage
LOT-02569,FRM-0034,22.06,C,Intake
LOT-02570,FRM-0080,24.46,A,Quality
LOT-02571,FRM-0090,20.71,A,Quality
LOT-02572,FRM-0014,7.98,A,Storage
LOT-02573,FRM-0010,6.35,B,Intake
LOT-02574,FRM-0045,12.18,C,Storage
LOT-02575,FRM-0014,3.06,C,Intake
LOT-02576,FRM-0051,19.44,A,Storage
LOT-02577,FRM-0043,2.55,B,Storage
LOT-02578,FRM-0028,17.85,B,Intake
LOT-02579,FRM-0036,11.91,C,Quality
LOT-02580,FRM-0061,4.49,A,Packing
LOT-02581,FRM-0073,1.75,C,Storage
LOT-02582,FRM-0008,23.48,B,Storage
LOT-02583,FRM-0061,6.12,A,Intake
LOT-02584,FRM-0098,17.41,B,Packing
LOT-02585,FRM-0082,5.23,A,Intake
LOT-02586,FRM-0036,10.72,B,Storage
LOT-02587,FRM-0054,13.59,C,Packing
LOT-02588,FRM-0024,20.93,A,Storage
LOT-02589,FRM-0044,24.12,B,Quality
LOT-02590,FRM-0026,9.38,B,Storage
LOT-02591,FRM-0061,13.85,A,Storage
LOT-02592,FRM-0046,22.9,C,Storage
LOT-02593,FRM-0002,14.46,C,Quality
LOT-02594,FRM-0010,18.35,C,Quality
LOT-02595,FRM-0042,16.94,C,Packing
LOT-02596,FRM-0002,4.61,B,Quality
LOT-02597,FRM-0064,21.74,A,Storage
LOT-02598,FRM-0034,13.5,A,Storage
LOT-02599,FRM-0017,16.22,C,Intake
LOT-02600,FRM-0005,6.25,A,Storage
LOT-02601,FRM-0090,14.11,A,Storage
LOT-02602,FRM-0028,9.35,A,Intake
LOT-02603,FRM-0048,20.53,A,Packing
LOT-02604,FRM-0040,13.05,A,Storage
LOT-02605,FRM-0084,24.98,B,Storage
LOT-02606,FRM-0046,9.45,C,Storage
LOT-02607,FRM-0067,24.38,B,Intake
LOT-02608,FRM-0023,12.01,B,Quality
LOT-02609,FRM-0071,15.28,C,Storage
LOT-02610,FRM-0049,7.84,C,Storage
LOT-02611,FRM-0082,7.8,C,Intake
LOT-02612,FRM-0012,20.34,A,Intake
LOT-02613,FRM-0084,1.39,B,Intake
LOT-02614,FRM-0064,19.0,C,Intake
LOT-02615,FRM-0082,11.66,C,Intake
LOT-02616,FRM-0086,7.96,B,Quality
LOT-02617,FRM-0029,19.65,C,Storage
LOT-02618,FRM-0015,5.69,B,Intake
LOT-02619,FRM-0045,24.22,B,Storage
LOT-02620,FRM-0083,17.89,C,Storage
LOT-02621,FRM-0001,23.55,A,Packing
LOT-02622,FRM-0035,22.11,B,Packing
LOT-02623,FRM-0054,17.16,A,Storage
LOT-02624,FRM-0005,1.37,A,Packing
LOT-02625,FRM-0067,20.68,C,Packing
LOT-02626,FRM-0043,5.09,C,Storage
LOT-02627,FRM-0031,14.34,B,Quality
LOT-02628,FRM-0079,16.47,A,Storage
LOT-02629,FRM-0017,23.55,B,Quality
LOT-02630,FRM-0052,22.7,C,Quality
LOT-02631,FRM-0056,6.54,C,Quality
LOT-02632,FRM-0065,3.84,C,Storage
LOT-02633,FRM-0098,16.06,B,Quality
LOT-02634,FRM-0042,5.89,A,Intake
LOT-02635,FRM-0056,1.28,C,Quality
LOT-02636,FRM-0004,15.83,C,Intake
LOT-02637,FRM-0074,10.18,C,Quality
LOT-02638,FRM-0059,16.23,B,Quality
LOT-02639,FRM-0031,16.66,A,Packing
LOT-02640,FRM-0025,13.85,A,Storage
LOT-02641,FRM-0099,7.25,A,Packing
LOT-02642,FRM-0011,23.44,C,Intake
LOT-02643,FRM-0082,24.64,A,Intake
LOT-02644,FRM-0059,23.25,A,Intake
LOT-02645,FRM-0019,7.78,A,Intake
LOT-02646,FRM-0010,12.86,B,Quality
LOT-02647,FRM-0051,3.42,A,Storage
LOT-02648,FRM-0010,12.68,C,Intake
LOT-02649,FRM-0027,17.5,B,Packing
LOT-02650,FRM-0082,22.8,A,Quality
LOT-02651,FRM-0039,1.24,A,Intake
LOT-02652,FRM-0016,24.42,B,Storage
LOT-02653,FRM-0079,15.4,A,Quality
LOT-02654,FRM-0067,18.8,A,Quality
LOT-02655,FRM-0078,1.71,A,Quality
LOT-02656,FRM-0028,21.8,A,Quality
LOT-02657,FRM-0004,8.86,A,Intake
LOT-02658,FRM-0094,17.6,A,Packing
LOT-02659,FRM-0036,12.56,A,Packing
LOT-02660,FRM-0091,14.24,B,Storage
LOT-02661,FRM-0096,20.42,B,Storage
LOT-02662,FRM-0025,7.0,A,Packing
LOT-02663,FRM-0051,3.47,C,Packing
LOT-02664,FRM-0022,20.06,C,Storage
LOT-02665,FRM-0056,22.19,B,Packing
LOT-02666,FRM-0041,15.95,C,Storage
LOT-02667,FRM-0055,5.79,B,Packing
LOT-02668,FRM-0081,20.66,B,Quality
LOT-02669,FRM-0005,23.99,B,Storage
LOT-02670,FRM-0038,15.49,C,Packing
LOT-02671,FRM-0051,1.72,A,Packing
LOT-02672,FRM-0055,19.98,B,Quality
LOT-02673,FRM-0010,6.16,B,Packing
LOT-02674,FRM-0019,19.71,A,Intake
LOT-02675,FRM-0041,17.52,C,Packing
LOT-02676,FRM-0028,12.17,B,Quality
LOT-02677,FRM-0072,2.59,B,Quality
LOT-02678,FRM-0068,6.22,C,Packing
LOT-02679,FRM-0092,15.59,C,Intake
LOT-02680,FRM-0074,22.42,B,Storage
LOT-02681,FRM-0041,20.52,A,Quality
LOT-02682,FRM-0007,20.27,B,Intake
LOT-02683,FRM-0036,11.11,A,Storage
LOT-02684,FRM-0022,15.43,C,Storage
LOT-02685,FRM-0031,14.83,B,Intake
LOT-02686,FRM-0083,19.8,C,Intake
LOT-02687,FRM-0060,7.82,B,Intake
LOT-02688,FRM-0069,23.03,A,Packing
LOT-02689,FRM-0083,1.39,B,Intake
LOT-02690,FRM-0054,18.36,B,Packing
LOT-02691,FRM-0097,9.3,A,Packing
LOT-02692,FRM-0064,15.7,B,Packing
LOT-02693,FRM-0090,24.62,B,Intake
LOT-02694,FRM-0048,23.5,A,Intake
LOT-02695,FRM-0029,2.15,A,Quality
LOT-02696,FRM-0014,24.84,C,Storage
LOT-02697,FRM-0029,5.08,A,Packing
LOT-02698,FRM-0069,24.75,C,Intake
LOT-02699,FRM-0034,22.2,A,Intake
LOT-02700,FRM-0007,23.73,A,Packing
LOT-02701,FRM-0043,17.51,B,Packing
LOT-02702,FRM-0090,5.09,A,Storage
LOT-02703,FRM-0016,4.03,A,Storage
LOT-02704,FRM-0082,11.72,A,Quality
LOT-02705,FRM-0074,12.47,B,Packing
LOT-02706,FRM-0042,19.54,B,Quality
LOT-02707,FRM-0012,7.33,B,Intake
LOT-02708,FRM-0046,14.4,A,Quality
LOT-02709,FRM-0089,2.87,B,Intake
LOT-02710,FRM-0028,1.32,A,Storage
LOT-02711,FRM-0050,5.51,A,Packing
LOT-02712,FRM-0027,20.54,C,Packing
LOT-02713,FRM-0098,23.67,C,Storage
LOT-02714,FRM-0084,4.7,C,Intake
LOT-02715,FRM-0017,6.25,B,Storage
LOT-02716,FRM-0058,21.83,C,Quality
LOT-02717,FRM-0100,10.6,A,Packing
LOT-02718,FRM-0055,4.94,B,Intake
LOT-02719,FRM-0019,12.06,A,Intake
LOT-02720,FRM-0031,1.4,B,Quality
LOT-02721,FRM-0035,1.69,C,Storage
LOT-02722,FRM-0046,7.37,C,Intake
LOT-02723,FRM-0046,11.36,A,Storage
LOT-02724,FRM-0065,11.34,B,Intake
LOT-02725,FRM-0057,7.54,A,Intake
LOT-02726,FRM-0084,10.18,B,Quality
LOT-02727,FRM-0038,5.55,A,Packing
LOT-02728,FRM-0068,15.58,C,Storage
LOT-02729,FRM-0014,17.35,C,Quality
LOT-02730,FRM-0015,6.27,A,Intake
LOT-02731,FRM-0074,7.39,A,Intake
LOT-02732,FRM-0036,6.44,C,Storage
LOT-02733,FRM-0051,10.43,A,Packing
LOT-02734,FRM-0064,5.94,A,Packing
LOT-02735,FRM-0082,7.91,C,Packing
LOT-02736,FRM-0094,1.07,A,Storage
LOT-02737,FRM-0095,8.33,C,Quality
LOT-02738,FRM-0022,8.56,A,Quality
LOT-02739,FRM-0024,8.97,B,Quality
LOT-02740,FRM-0002,16.98,B,Packing
LOT-02741,FRM-0003,5.26,B,Intake
LOT-02742,FRM-0022,17.3,A,Packing
LOT-02743,FRM-0061,15.0,B,Quality
LOT-02744,FRM-0061,3.63,A,Packing
LOT-02745,FRM-0030,13.61,A,Quality
LOT-02746,FRM-0100,3.25,B,Packing
LOT-02747,FRM-0058,12.78,B,Packing
LOT-02748,FRM-0085,12.68,B,Storage
LOT-02749,FRM-0002,20.87,B,Packing
LOT-02750,FRM-0067,19.59,C,Storage
LOT-02751,FRM-0015,7.48,C,Intake
LOT-02752,FRM-0019,24.49,A,Quality
LOT-02753,FRM-0046,12.95,A,Storage
LOT-02754,FRM-0047,5.95,A,Quality
LOT-02755,FRM-0049,16.33,B,Storage
LOT-02756,FRM-0068,5.2,C,Packing
LOT-02757,FRM-0043,10.38,B,Packing
LOT-02758,FRM-0040,5.57,C,Packing
LOT-02759,FRM-0079,3.95,B,Packing
LOT-02760,FRM-0037,3.64,A,Storage
LOT-02761,FRM-0088,4.53,C,Quality
LOT-02762,FRM-0067,24.2,C,Quality
LOT-02763,FRM-0039,12.68,A,Packing
LOT-02764,FRM-0002,11.89,A,Packing
LOT-02765,FRM-0076,3.96,B,Packing
LOT-02766,FRM-0001,11.33,C,Intake
LOT-02767,FRM-0007,7.03,B,Packing
LOT-02768,FRM-0065,16.97,C,Quality
LOT-02769,FRM-0012,18.12,A,Quality
LOT-02770,FRM-0056,15.05,A,Packing
LOT-02771,FRM-0029,1.77,B,Quality
LOT-02772,FRM-0087,16.29,B,Storage
LOT-02773,FRM-0013,22.43,B,Packing
LOT-02774,FRM-0023,14.53,C,Packing
LOT-02775,FRM-0075,4.34,A,Packing
LOT-02776,FRM-0018,10.99,A,Packing
LOT-02777,FRM-0040,3.05,C,Storage
LOT-02778,FRM-0070,5.4,B,Intake
LOT-02779,FRM-0018,13.64,C,Packing
LOT-02780,FRM-0065,23.44,C,Packing
LOT-02781,FRM-0060,9.5,B,Storage
LOT-02782,FRM-0053,12.07,C,Intake
LOT-02783,FRM-0099,11.1,A,Packing
LOT-02784,FRM-0032,14.93,B,Quality
LOT-02785,FRM-0080,14.04,C,Packing
LOT-02786,FRM-0007,19.13,B,Quality
LOT-02787,FRM-0052,17.08,B,Storage
LOT-02788,FRM-0007,3.03,B,Intake
LOT-02789,FRM-0043,15.26,B,Storage
LOT-02790,FRM-0089,8.95,A,Intake
LOT-02791,FRM-0095,15.03,C,Intake
LOT-02792,FRM-0090,5.92,A,Storage
LOT-02793,FRM-0018,6.37,C,Quality
LOT-02794,FRM-0039,16.08,C,Intake
LOT-02795,FRM-0063,15.97,A,Intake
LOT-02796,FRM-0009,1.0,C,Intake
LOT-02797,FRM-0067,3.32,A,Intake
LOT-02798,FRM-0061,1.59,C,Storage
LOT-02799,FRM-0051,2.34,A,Packing
LOT-02800,FRM-0052,12.61,A,Quality
LOT-02801,FRM-0070,7.25,C,Storage
LOT-02802,FRM-0085,15.81,B,Quality
LOT-02803,FRM-0082,1.52,A,Quality
LOT-02804,FRM-0022,13.28,C,Quality
LOT-02805,FRM-0061,12.53,B,Intake
LOT-02806,FRM-0076,12.83,C,Packing
LOT-02807,FRM-0051,10.26,A,Storage
LOT-02808,FRM-0054,20.52,A,Intake
LOT-02809,FRM-0037,11.97,C,Storage
LOT-02810,FRM-0002,14.93,A,Storage
LOT-02811,FRM-0006,22.79,B,Quality
LOT-02812,FRM-0060,22.18,B,Packing
LOT-02813,FRM-0002,24.56,B,Quality
LOT-02814,FRM-0045,22.66,C,Storage
LOT-02815,FRM-0066,2.51,C,Quality
LOT-02816,FRM-0046,16.74,C,Packing
LOT-02817,FRM-0059,18.16,A,Packing
LOT-02818,FRM-0098,16.8,B,Intake
LOT-02819,FRM-0083,12.61,B,Quality
LOT-02820,FRM-0074,18.0,C,Packing
LOT-02821,FRM-0017,17.75,C,Packing
LOT-02822,FRM-0075,15.82,B,Intake
LOT-02823,FRM-0006,1.71,C,Quality
LOT-02824,FRM-0030,3.32,A,Storage
LOT-02825,FRM-0087,12.43,A,Quality
LOT-02826,FRM-0014,22.6,A,Storage
LOT-02827,FRM-0097,24.36,A,Intake
LOT-02828,FRM-0079,7.01,A,Intake
LOT-02829,FRM-0057,19.32,C,Intake
LOT-02830,FRM-0023,8.71,C,Storage
LOT-02831,FRM-0049,4.2,C,Quality
LOT-02832,FRM-0026,7.06,B,Packing
LOT-02833,FRM-0029,5.83,A,Storage
LOT-02834,FRM-0068,20.41,A,Intake
LOT-02835,FRM-0075,1.58,C,Intake
LOT-02836,FRM-0027,1.8,A,Intake
LOT-02837,FRM-0047,19.59,C,Intake
LOT-02838,FRM-0044,5.45,C,Storage
LOT-02839,FRM-0025,20.98,C,Storage
LOT-02840,FRM-0065,9.45,C,Quality
LOT-02841,FRM-0009,11.53,C,Storage
LOT-02842,FRM-0010,14.66,A,Packing
LOT-02843,FRM-0013,3.83,A,Intake
LOT-02844,FRM-0077,13.97,A,Quality
LOT-02845,FRM-0038,23.13,B,Storage
LOT-02846,FRM-0091,9.59,A,Packing
LOT-02847,FRM-0010,13.83,A,Packing
LOT-02848,FRM-0052,15.85,C,Intake
LOT-02849,FRM-0075,12.3,B,Intake
LOT-02850,FRM-0005,9.11,B,Quality
LOT-02851,FRM-0043,22.31,A,Quality
LOT-02852,FRM-0027,14.13,C,Packing
LOT-02853,FRM-0097,16.92,A,Quality
LOT-02854,FRM-0064,2.75,C,Intake
LOT-02855,FRM-0045,24.55,B,Intake
LOT-02856,FRM-0071,12.49,A,Packing
LOT-02857,FRM-0093,2.0,A,Storage
LOT-02858,FRM-0065,6.41,B,Storage
LOT-02859,FRM-0062,8.28,A,Intake
LOT-02860,FRM-0008,1.63,A,Storage
LOT-02861,FRM-0088,17.41,A,Storage
LOT-02862,FRM-0007,10.29,B,Quality
LOT-02863,FRM-0056,17.83,C,Quality
LOT-02864,FRM-0015,11.51,C,Packing
LOT-02865,FRM-0046,5.65,B,Intake
LOT-02866,FRM-0031,6.57,C,Intake
LOT-02867,FRM-0030,10.91,C,Intake
LOT-02868,FRM-0002,21.96,A,Intake
LOT-02869,FRM-0010,2.36,B,Quality
LOT-02870,FRM-0037,2.05,B,Quality
LOT-02871,FRM-0038,4.11,B,Storage
LOT-02872,FRM-0085,3.94,A,Intake
LOT-02873,FRM-0033,23.52,A,Storage
LOT-02874,FRM-0091,18.65,B,Quality
LOT-02875,FRM-0057,18.12,B,Packing
LOT-02876,FRM-0084,6.86,B,Packing
LOT-02877,FRM-0090,13.99,A,Intake
LOT-02878,FRM-0045,22.61,C,Storage
LOT-02879,FRM-0036,2.88,A,Quality
LOT-02880,FRM-0040,18.81,A,Intake
LOT-02881,FRM-0048,18.4,A,Intake
LOT-02882,FRM-0031,17.76,C,Storage
LOT-02883,FRM-0015,1.51,A,Packing
LOT-02884,FRM-0036,15.12,B,Intake
LOT-02885,FRM-0008,7.7,C,Storage
LOT-02886,FRM-0064,1.45,B,Storage
LOT-02887,FRM-0057,2.07,A,Storage
LOT-02888,FRM-0024,16.84,C,Intake
LOT-02889,FRM-0085,8.32,C,Packing
LOT-02890,FRM-0004,22.84,B,Packing
LOT-02891,FRM-0097,15.18,A,Packing
LOT-02892,FRM-0093,20.9,B,Storage
LOT-02893,FRM-0094,23.29,A,Intake
LOT-02894,FRM-0071,10.31,C,Packing
LOT-02895,FRM-0069,12.12,C,Packing
LOT-02896,FRM-0021,24.05,B,Quality
LOT-02897,FRM-0017,22.79,B,Packing
LOT-02898,FRM-0011,24.97,C,Packing
LOT-02899,FRM-0044,14.71,A,Packing
LOT-02900,FRM-0047,7.45,B,Intake
LOT-02901,FRM-0016,8.37,C,Packing
LOT-02902,FRM-0034,21.34,B,Storage
LOT-02903,FRM-0003,11.56,B,Intake
LOT-02904,FRM-0046,12.52,C,Quality
LOT-02905,FRM-0053,2.41,A,Packing
LOT-02906,FRM-0079,14.23,A,Storage
LOT-02907,FRM-0024,7.19,B,Packing
LOT-02908,FRM-0064,4.05,C,Quality
LOT-02909,FRM-0019,21.91,C,Intake
LOT-02910,FRM-0030,3.75,A,Quality
LOT-02911,FRM-0088,13.16,B,Packing
LOT-02912,FRM-0006,14.28,A,Intake
LOT-02913,FRM-0092,24.81,B,Intake
LOT-02914,FRM-0087,21.28,B,Intake
LOT-02915,FRM-0077,6.63,A,Intake
LOT-02916,FRM-0065,11.65,C,Intake
LOT-02917,FRM-0031,5.9,C,Packing
LOT-02918,FRM-0088,10.98,C,Storage
LOT-02919,FRM-0037,4.43,B,Packing
LOT-02920,FRM-0043,24.4,C,Packing
LOT-02921,FRM-0061,23.62,B,Intake
LOT-02922,FRM-0021,9.84,B,Quality
LOT-02923,FRM-0076,1.61,C,Quality
LOT-02924,FRM-0041,13.26,C,Packing
LOT-02925,FRM-0028,10.09,C,Intake
LOT-02926,FRM-0085,18.43,B,Intake
LOT-02927,FRM-0010,24.01,A,Storage
LOT-02928,FRM-0069,18.59,C,Intake
LOT-02929,FRM-0078,12.34,C,Storage
LOT-02930,FRM-0041,7.46,C,Packing
LOT-02931,FRM-0032,8.89,B,Quality
LOT-02932,FRM-0059,8.56,A,Quality
LOT-02933,FRM-0057,18.59,B,Packing
LOT-02934,FRM-0011,9.45,C,Intake
LOT-02935,FRM-0047,16.68,C,Quality
LOT-02936,FRM-0058,19.87,A,Quality
LOT-02937,FRM-0069,6.88,B,Quality
LOT-02938,FRM-0078,7.25,B,Packing
LOT-02939,FRM-0041,3.83,B,Storage
LOT-02940,FRM-0065,24.6,C,Storage
LOT-02941,FRM-0081,22.15,A,Quality
LOT-02942,FRM-0059,1.37,A,Storage
LOT-02943,FRM-0034,19.37,C,Storage
LOT-02944,FRM-0096,3.42,A,Storage
LOT-02945,FRM-0004,17.56,A,Quality
LOT-02946,FRM-0066,21.81,B,Storage
LOT-02947,FRM-0046,4.06,C,Quality
LOT-02948,FRM-0092,8.04,B,Packing
LOT-02949,FRM-0076,15.61,A,Intake
LOT-02950,FRM-0010,18.73,B,Storage
LOT-02951,FRM-0053,16.14,C,Storage
LOT-02952,FRM-0038,19.18,C,Quality
LOT-02953,FRM-0094,5.4,C,Intake
LOT-02954,FRM-0020,22.49,C,Packing
LOT-02955,FRM-0087,16.59,B,Packing
LOT-02956,FRM-0057,5.24,C,Packing
LOT-02957,FRM-0099,3.33,B,Storage
LOT-02958,FRM-0044,2.16,C,Storage
LOT-02959,FRM-0037,8.75,B,Quality
LOT-02960,FRM-0019,2.01,C,Quality
LOT-02961,FRM-0056,13.46,C,Packing
LOT-02962,FRM-0013,9.34,A,Intake
LOT-02963,FRM-0037,7.57,B,Quality
LOT-02964,FRM-0022,7.92,B,Intake
LOT-02965,FRM-0030,16.99,A,Intake
LOT-02966,FRM-0027,14.25,C,Quality
LOT-02967,FRM-0004,15.36,A,Quality
LOT-02968,FRM-0001,12.72,A,Packing
LOT-02969,FRM-0027,7.76,C,Storage
LOT-02970,FRM-0094,11.68,A,Storage
LOT-02971,FRM-0038,23.03,C,Intake
LOT-02972,FRM-0057,22.33,B,Packing
LOT-02973,FRM-0012,21.75,B,Intake
LOT-02974,FRM-0046,20.29,C,Quality
LOT-02975,FRM-0094,2.78,A,Packing
LOT-02976,FRM-0036,11.88,C,Intake
LOT-02977,FRM-0091,17.51,A,Storage
LOT-02978,FRM-0013,23.38,C,Packing
LOT-02979,FRM-0025,21.19,C,Intake
LOT-02980,FRM-0082,16.05,A,Quality
LOT-02981,FRM-0076,10.03,A,Quality
LOT-02982,FRM-0034,12.28,B,Quality
LOT-02983,FRM-0094,12.92,A,Quality
LOT-02984,FRM-0082,22.02,C,Quality
LOT-02985,FRM-0001,11.42,B,Quality
LOT-02986,FRM-0091,5.27,B,Packing
LOT-02987,FRM-0079,10.13,C,Quality
LOT-02988,FRM-0082,9.37,C,Quality
LOT-02989,FRM-0039,21.18,B,Storage
LOT-02990,FRM-0063,20.12,B,Packing
LOT-02991,FRM-0070,12.54,A,Quality
LOT-02992,FRM-0015,24.11,B,Storage
LOT-02993,FRM-0058,8.81,C,Storage
LOT-02994,FRM-0015,5.23,B,Intake
LOT-02995,FRM-0045,17.73,C,Quality
LOT-02996,FRM-0100,22.17,B,Storage
LOT-02997,FRM-0088,6.64,B,Packing
LOT-02998,FRM-0065,6.16,B,Intake
LOT-02999,FRM-0072,19.52,B,Packing
LOT-03000,FRM-0053,10.39,B,Storage
LOT-03001,FRM-0052,7.26,A,Packing
LOT-03002,FRM-0063,18.48,B,Intake
LOT-03003,FRM-0040,11.74,A,Quality
LOT-03004,FRM-0069,5.95,C,Intake
LOT-03005,FRM-0079,15.66,A,Intake
LOT-03006,FRM-0093,1.51,B,Intake
LOT-03007,FRM-0100,17.91,B,Intake
LOT-03008,FRM-0084,2.18,A,Packing
LOT-03009,FRM-0069,5.76,A,Storage
LOT-03010,FRM-0092,6.5,A,Packing
LOT-03011,FRM-0043,10.92,C,Quality
LOT-03012,FRM-0002,1.87,A,Intake
LOT-03013,FRM-0065,10.55,B,Intake
LOT-03014,FRM-0021,7.79,A,Quality
LOT-03015,FRM-0081,19.54,A,Intake
LOT-03016,FRM-0035,19.0,B,Storage
LOT-03017,FRM-0017,20.64,B,Intake
LOT-03018,FRM-0010,2.77,C,Storage
LOT-03019,FRM-0003,1.35,C,Quality
LOT-03020,FRM-0013,18.66,B,Quality
LOT-03021,FRM-0078,21.62,B,Storage
LOT-03022,FRM-0066,18.84,B,Packing
LOT-03023,FRM-0059,5.86,B,Storage
LOT-03024,FRM-0049,7.99,A,Quality
LOT-03025,FRM-0053,14.46,B,Packing
LOT-03026,FRM-0090,13.8,A,Storage
LOT-03027,FRM-0003,24.84,C,Storage
LOT-03028,FRM-0048,19.3,C,Intake
LOT-03029,FRM-0058,6.38,A,Storage
LOT-03030,FRM-0099,6.57,B,Storage
LOT-03031,FRM-0073,3.61,B,Packing
LOT-03032,FRM-0019,20.43,A,Intake
LOT-03033,FRM-0072,5.06,B,Quality
LOT-03034,FRM-0011,4.39,C,Storage
LOT-03035,FRM-0067,18.35,C,Quality
LOT-03036,FRM-0008,19.42,B,Storage
LOT-03037,FRM-0040,18.77,A,Intake
LOT-03038,FRM-0042,17.54,C,Storage
LOT-03039,FRM-0001,7.44,A,Storage
LOT-03040,FRM-0070,13.0,C,Quality
LOT-03041,FRM-0042,12.07,B,Intake
LOT-03042,FRM-0014,11.22,A,Storage
LOT-03043,FRM-0017,19.17,A,Intake
LOT-03044,FRM-0022,5.74,A,Intake
LOT-03045,FRM-0055,12.88,C,Storage
LOT-03046,FRM-0018,18.98,C,Storage
LOT-03047,FRM-0052,1.22,A,Storage
LOT-03048,FRM-0038,18.28,C,Packing
LOT-03049,FRM-0067,8.74,B,Quality
LOT-03050,FRM-0019,7.96,C,Quality
LOT-03051,FRM-0079,23.85,B,Packing
LOT-03052,FRM-0061,12.11,B,Quality
LOT-03053,FRM-0022,13.59,B,Intake
LOT-03054,FRM-0041,10.99,A,Storage
LOT-03055,FRM-0009,24.84,A,Packing
LOT-03056,FRM-0090,5.5,C,Intake
LOT-03057,FRM-0069,12.01,A,Intake
LOT-03058,FRM-0080,12.25,A,Intake
LOT-03059,FRM-0045,16.27,A,Packing
LOT-03060,FRM-0081,1.34,A,Packing
LOT-03061,FRM-0037,20.7,B,Packing
LOT-03062,FRM-0048,15.99,B,Packing
LOT-03063,FRM-0072,13.98,C,Quality
LOT-03064,FRM-0010,15.22,A,Quality
LOT-03065,FRM-0036,5.28,C,Intake
LOT-03066,FRM-0017,20.13,C,Storage
LOT-03067,FRM-0043,14.82,C,Packing
LOT-03068,FRM-0095,21.91,C,Storage
LOT-03069,FRM-0027,5.03,A,Quality
LOT-03070,FRM-0012,23.31,C,Quality
LOT-03071,FRM-0019,4.96,A,Packing
LOT-03072,FRM-0010,22.5,A,Quality
LOT-03073,FRM-0066,20.37,B,Storage
LOT-03074,FRM-0042,8.26,A,Quality
LOT-03075,FRM-0072,10.44,B,Storage
LOT-03076,FRM-0046,8.48,C,Packing
LOT-03077,FRM-0068,2.88,C,Quality
LOT-03078,FRM-0022,23.69,B,Quality
LOT-03079,FRM-0056,14.45,B,Packing
LOT-03080,FRM-0088,3.89,B,Packing
LOT-03081,FRM-0023,1.61,B,Storage
LOT-03082,FRM-0099,17.08,C,Storage
LOT-03083,FRM-0028,15.81,A,Storage
LOT-03084,FRM-0048,5.3,C,Intake
LOT-03085,FRM-0026,11.61,C,Quality
LOT-03086,FRM-0001,15.07,B,Intake
LOT-03087,FRM-0048,22.98,C,Intake
LOT-03088,FRM-0078,7.55,C,Packing
LOT-03089,FRM-0083,12.49,A,Packing
LOT-03090,FRM-0036,16.01,C,Intake
LOT-03091,FRM-0092,23.26,C,Storage
LOT-03092,FRM-0063,5.17,C,Intake
LOT-03093,FRM-0005,9.87,C,Quality
LOT-03094,FRM-0091,18.67,A,Intake
LOT-03095,FRM-0054,21.02,A,Intake
LOT-03096,FRM-0057,16.3,A,Packing
LOT-03097,FRM-0013,21.59,B,Quality
LOT-03098,FRM-0084,15.74,A,Packing
LOT-03099,FRM-0087,21.36,B,Quality
LOT-03100,FRM-0076,18.33,B,Intake
LOT-03101,FRM-0086,10.68,C,Intake
LOT-03102,FRM-0009,5.63,C,Quality
LOT-03103,FRM-0094,7.4,A,Storage
LOT-03104,FRM-0006,7.61,A,Storage
LOT-03105,FRM-0023,16.25,A,Packing
LOT-03106,FRM-0036,14.45,A,Packing
LOT-03107,FRM-0060,14.64,C,Intake
LOT-03108,FRM-0073,23.33,A,Intake
LOT-03109,FRM-0012,5.38,A,Quality
LOT-03110,FRM-0041,15.19,A,Quality
LOT-03111,FRM-0002,6.22,B,Storage
LOT-03112,FRM-0011,22.05,A,Packing
LOT-03113,FRM-0088,16.42,A,Quality
LOT-03114,FRM-0040,2.28,C,Packing
LOT-03115,FRM-0023,7.7,C,Packing
LOT-03116,FRM-0053,6.42,A,Packing
LOT-03117,FRM-0026,5.25,B,Packing
LOT-03118,FRM-0090,11.55,A,Storage
LOT-03119,FRM-0046,14.89,B,Storage
LOT-03120,FRM-0081,17.49,A,Intake
LOT-03121,FRM-0075,10.26,C,Quality
LOT-03122,FRM-0090,11.41,C,Packing
LOT-03123,FRM-0027,9.21,C,Packing
LOT-03124,FRM-0012,13.32,A,Packing
LOT-03125,FRM-0028,12.22,A,Intake
LOT-03126,FRM-0067,16.8,A,Storage
LOT-03127,FRM-0018,12.21,B,Packing
LOT-03128,FRM-0073,10.07,C,Intake
LOT-03129,FRM-0042,17.83,C,Packing
LOT-03130,FRM-0002,4.81,B,Packing
LOT-03131,FRM-0044,16.55,A,Quality
LOT-03132,FRM-0046,8.35,B,Quality
LOT-03133,FRM-0097,1.52,C,Storage
LOT-03134,FRM-0076,14.82,B,Storage
LOT-03135,FRM-0061,21.02,B,Packing
LOT-03136,FRM-0077,9.11,C,Storage
LOT-03137,FRM-0039,1.96,A,Intake
LOT-03138,FRM-0054,11.22,B,Storage
LOT-03139,FRM-0076,1.69,C,Quality
LOT-03140,FRM-0039,22.28,C,Quality
LOT-03141,FRM-0073,19.04,A,Packing
LOT-03142,FRM-0007,24.29,B,Quality
LOT-03143,FRM-0045,12.01,A,Storage
LOT-03144,FRM-0001,16.81,A,Quality
LOT-03145,FRM-0039,8.38,A,Quality
LOT-03146,FRM-0027,11.48,C,Quality
LOT-03147,FRM-0020,17.43,B,Intake
LOT-03148,FRM-0062,4.82,A,Storage
LOT-03149,FRM-0071,17.48,C,Quality
LOT-03150,FRM-0061,17.04,B,Quality
LOT-03151,FRM-0098,23.01,B,Quality
LOT-03152,FRM-0041,19.31,A,Storage
LOT-03153,FRM-0099,8.85,B,Storage
LOT-03154,FRM-0077,10.45,A,Packing
LOT-03155,FRM-0063,17.08,C,Intake
LOT-03156,FRM-0029,22.25,A,Quality
LOT-03157,FRM-0048,9.69,C,Intake
LOT-03158,FRM-0079,15.38,B,Intake
LOT-03159,FRM-0083,6.52,B,Quality
LOT-03160,FRM-0006,6.07,B,Intake
LOT-03161,FRM-0044,10.22,A,Storage
LOT-03162,FRM-0020,7.84,B,Storage
LOT-03163,FRM-0005,7.26,B,Quality
LOT-03164,FRM-0021,10.56,C,Intake
LOT-03165,FRM-0060,20.35,B,Intake
LOT-03166,FRM-0084,21.7,A,Quality
LOT-03167,FRM-0041,4.09,C,Storage
LOT-03168,FRM-0088,11.91,B,Storage
LOT-03169,FRM-0055,19.51,B,Storage
LOT-03170,FRM-0034,18.81,A,Storage
LOT-03171,FRM-0065,9.95,B,Packing
LOT-03172,FRM-0069,24.32,A,Quality
LOT-03173,FRM-0055,13.76,B,Intake
LOT-03174,FRM-0020,1.17,C,Packing
LOT-03175,FRM-0026,13.36,C,Storage
LOT-03176,FRM-0056,2.17,B,Intake
LOT-03177,FRM-0016,21.83,B,Packing
LOT-03178,FRM-0007,22.34,C,Packing
LOT-03179,FRM-0033,11.22,C,Packing
LOT-03180,FRM-0099,20.66,C,Packing
LOT-03181,FRM-0023,8.04,B,Intake
LOT-03182,FRM-0058,8.79,C,Intake
LOT-03183,FRM-0077,3.68,C,Intake
LOT-03184,FRM-0069,18.73,A,Quality
LOT-03185,FRM-0011,13.84,A,Quality
LOT-03186,FRM-0082,12.84,B,Packing
LOT-03187,FRM-0059,17.54,A,Storage
LOT-03188,FRM-0006,2.84,B,Intake
LOT-03189,FRM-0019,15.62,C,Intake
LOT-03190,FRM-0049,13.3,C,Intake
LOT-03191,FRM-0044,23.26,C,Packing
LOT-03192,FRM-0055,10.62,A,Packing
LOT-03193,FRM-0093,16.67,A,Storage
LOT-03194,FRM-0015,20.05,C,Packing
LOT-03195,FRM-0039,15.77,C,Quality
LOT-03196,FRM-0089,20.17,B,Storage
LOT-03197,FRM-0028,19.26,B,Packing
LOT-03198,FRM-0096,17.53,A,Packing
LOT-03199,FRM-0065,17.11,C,Storage
LOT-03200,FRM-0024,17.28,B,Intake
LOT-03201,FRM-0053,5.97,B,Quality
LOT-03202,FRM-0036,7.41,C,Packing
LOT-03203,FRM-0013,6.31,A,Packing
LOT-03204,FRM-0029,2.53,B,Storage
LOT-03205,FRM-0076,11.1,C,Packing
LOT-03206,FRM-0070,10.34,C,Intake
LOT-03207,FRM-0044,9.17,B,Storage
LOT-03208,FRM-0020,12.09,C,Storage
LOT-03209,FRM-0027,13.77,A,Storage
LOT-03210,FRM-0033,10.67,C,Intake
LOT-03211,FRM-0081,12.68,B,Intake
LOT-03212,FRM-0027,18.95,C,Packing
LOT-03213,FRM-0039,8.0,B,Storage
LOT-03214,FRM-0087,12.22,A,Quality
LOT-03215,FRM-0080,9.44,B,Storage
LOT-03216,FRM-0098,1.56,B,Storage
LOT-03217,FRM-0031,10.01,C,Quality
LOT-03218,FRM-0049,15.57,A,Intake
LOT-03219,FRM-0051,6.24,A,Packing
LOT-03220,FRM-0023,21.76,C,Storage
LOT-03221,FRM-0071,10.8,A,Storage
LOT-03222,FRM-0077,7.69,B,Intake
LOT-03223,FRM-0086,22.23,C,Packing
LOT-03224,FRM-0065,13.86,B,Quality
LOT-03225,FRM-0052,12.88,B,Packing
LOT-03226,FRM-0058,4.77,A,Storage
LOT-03227,FRM-0037,1.08,B,Storage
LOT-03228,FRM-0084,5.13,A,Storage
LOT-03229,FRM-0075,16.67,B,Storage
LOT-03230,FRM-0025,16.27,C,Quality
LOT-03231,FRM-0018,15.63,C,Intake
LOT-03232,FRM-0077,14.69,B,Intake
LOT-03233,FRM-0042,15.64,A,Storage
LOT-03234,FRM-0088,3.18,B,Intake
LOT-03235,FRM-0096,15.43,C,Storage
LOT-03236,FRM-0071,13.27,A,Quality
LOT-03237,FRM-0059,9.86,A,Quality
LOT-03238,FRM-0061,23.49,A,Packing
LOT-03239,FRM-0017,8.03,A,Quality
LOT-03240,FRM-0074,12.07,A,Storage
LOT-03241,FRM-0031,20.12,B,Intake
LOT-03242,FRM-0078,21.11,A,Quality
LOT-03243,FRM-0060,18.33,A,Intake
LOT-03244,FRM-0096,1.78,C,Storage
LOT-03245,FRM-0067,24.89,B,Intake
LOT-03246,FRM-0054,23.98,C,Intake
LOT-03247,FRM-0092,19.64,C,Intake
LOT-03248,FRM-0057,12.54,C,Intake
LOT-03249,FRM-0038,20.48,C,Intake
LOT-03250,FRM-0047,10.59,C,Storage
LOT-03251,FRM-0055,19.9,A,Quality
LOT-03252,FRM-0034,19.19,C,Intake
LOT-03253,FRM-0093,5.05,B,Packing
LOT-03254,FRM-0019,22.91,B,Quality
LOT-03255,FRM-0034,3.33,C,Intake
LOT-03256,FRM-0059,22.58,B,Quality
LOT-03257,FRM-0097,7.24,B,Storage
LOT-03258,FRM-0043,19.9,C,Packing
LOT-03259,FRM-0073,7.61,A,Quality
LOT-03260,FRM-0019,13.52,A,Quality
LOT-03261,FRM-0048,14.52,C,Packing
LOT-03262,FRM-0040,23.68,A,Packing
LOT-03263,FRM-0061,18.11,C,Packing
LOT-03264,FRM-0020,18.85,C,Quality
LOT-03265,FRM-0019,15.58,B,Packing
LOT-03266,FRM-0082,6.47,A,Packing
LOT-03267,FRM-0019,15.02,B,Packing
LOT-03268,FRM-0093,13.21,C,Storage
LOT-03269,FRM-0062,15.84,A,Packing
LOT-03270,FRM-0083,4.74,C,Packing
LOT-03271,FRM-0067,9.98,B,Quality
LOT-03272,FRM-0068,12.57,B,Storage
LOT-03273,FRM-0002,17.05,A,Packing
LOT-03274,FRM-0029,8.42,A,Quality
LOT-03275,FRM-0036,15.61,C,Intake
LOT-03276,FRM-0084,5.73,B,Storage
LOT-03277,FRM-0073,22.9,A,Quality
LOT-03278,FRM-0095,5.86,C,Intake
LOT-03279,FRM-0052,16.03,B,Intake
LOT-03280,FRM-0035,14.28,C,Intake
LOT-03281,FRM-0008,11.72,C,Quality
LOT-03282,FRM-0032,7.15,C,Quality
LOT-03283,FRM-0089,23.47,A,Quality
LOT-03284,FRM-0089,18.22,A,Intake
LOT-03285,FRM-0078,7.38,B,Intake
LOT-03286,FRM-0096,5.56,A,Quality
LOT-03287,FRM-0067,8.27,A,Quality
LOT-03288,FRM-0032,15.06,C,Storage
LOT-03289,FRM-0060,3.36,A,Packing
LOT-03290,FRM-0082,2.75,B,Intake
LOT-03291,FRM-0057,3.0,A,Intake
LOT-03292,FRM-0070,15.15,C,Storage
LOT-03293,FRM-0039,14.66,C,Storage
LOT-03294,FRM-0015,18.28,B,Quality
LOT-03295,FRM-0076,20.34,C,Storage
LOT-03296,FRM-0001,7.04,B,Packing
LOT-03297,FRM-0064,16.15,B,Storage
LOT-03298,FRM-0066,7.81,C,Packing
LOT-03299,FRM-0034,21.81,A,Packing
LOT-03300,FRM-0036,17.27,C,Packing
LOT-03301,FRM-0081,11.56,A,Storage
LOT-03302,FRM-0001,8.66,C,Storage
LOT-03303,FRM-0064,4.92,A,Storage
LOT-03304,FRM-0087,8.31,B,Packing
LOT-03305,FRM-0082,17.49,A,Quality
LOT-03306,FRM-0100,3.61,A,Quality
LOT-03307,FRM-0040,13.04,B,Storage
LOT-03308,FRM-0014,17.43,C,Quality
LOT-03309,FRM-0074,17.13,B,Quality
LOT-03310,FRM-0025,19.39,A,Quality
LOT-03311,FRM-0079,16.9,B,Storage
LOT-03312,FRM-0084,15.29,B,Packing
LOT-03313,FRM-0030,23.39,B,Packing
LOT-03314,FRM-0048,4.48,B,Packing
LOT-03315,FRM-0096,8.57,B,Storage
LOT-03316,FRM-0073,10.45,B,Intake
LOT-03317,FRM-0098,23.56,A,Storage
LOT-03318,FRM-0046,16.5,A,Storage
LOT-03319,FRM-0099,7.58,C,Quality
LOT-03320,FRM-0027,16.89,B,Packing
LOT-03321,FRM-0048,1.57,B,Storage
LOT-03322,FRM-0042,14.39,C,Quality
LOT-03323,FRM-0028,15.82,B,Packing
LOT-03324,FRM-0014,2.79,A,Packing
LOT-03325,FRM-0093,12.51,C,Storage
LOT-03326,FRM-0006,19.75,B,Storage
LOT-03327,FRM-0032,7.72,C,Storage
LOT-03328,FRM-0008,3.43,C,Packing
LOT-03329,FRM-0036,13.91,B,Packing
LOT-03330,FRM-0015,12.32,C,Intake
LOT-03331,FRM-0042,24.45,C,Storage
LOT-03332,FRM-0020,21.97,C,Packing
LOT-03333,FRM-0074,5.8,A,Storage
LOT-03334,FRM-0032,8.87,C,Packing
LOT-03335,FRM-0072,13.74,B,Intake
LOT-03336,FRM-0018,19.53,A,Packing
LOT-03337,FRM-0047,22.72,B,Quality
LOT-03338,FRM-0024,8.71,A,Storage
LOT-03339,FRM-0047,8.99,C,Packing
LOT-03340,FRM-0033,15.49,A,Quality
LOT-03341,FRM-0016,16.41,B,Storage
LOT-03342,FRM-0063,20.15,C,Intake
LOT-03343,FRM-0066,9.96,C,Storage
LOT-03344,FRM-0005,24.03,B,Storage
LOT-03345,FRM-0037,14.8,C,Intake
LOT-03346,FRM-0095,2.81,A,Intake
LOT-03347,FRM-0069,4.8,C,Intake
LOT-03348,FRM-0074,23.14,C,Quality
LOT-03349,FRM-0097,2.75,C,Storage
LOT-03350,FRM-0036,12.18,C,Quality
LOT-03351,FRM-0084,8.93,A,Packing
LOT-03352,FRM-0059,13.67,C,Storage
LOT-03353,FRM-0003,10.64,B,Intake
LOT-03354,FRM-0080,20.88,A,Intake
LOT-03355,FRM-0029,8.74,A,Packing
LOT-03356,FRM-0029,15.03,B,Storage
LOT-03357,FRM-0084,16.97,C,Packing
LOT-03358,FRM-0092,21.81,A,Quality
LOT-03359,FRM-0099,4.56,B,Quality
LOT-03360,FRM-0013,1.63,C,Intake
LOT-03361,FRM-0100,4.06,B,Intake
LOT-03362,FRM-0042,21.89,A,Quality
LOT-03363,FRM-0026,8.27,B,Packing
LOT-03364,FRM-0030,23.47,A,Packing
LOT-03365,FRM-0004,4.3,B,Intake
LOT-03366,FRM-0049,1.61,C,Quality
LOT-03367,FRM-0049,2.18,B,Storage
LOT-03368,FRM-0026,5.94,B,Intake
LOT-03369,FRM-0012,24.26,C,Intake
LOT-03370,FRM-0021,19.16,A,Storage
LOT-03371,FRM-0095,15.52,C,Packing
LOT-03372,FRM-0054,5.58,A,Packing
LOT-03373,FRM-0062,7.13,A,Storage
LOT-03374,FRM-0003,1.17,B,Storage
LOT-03375,FRM-0013,9.51,B,Intake
LOT-03376,FRM-0056,23.7,C,Packing
LOT-03377,FRM-0030,24.99,A,Storage
LOT-03378,FRM-0061,1.38,B,Packing
LOT-03379,FRM-0006,4.38,A,Quality
LOT-03380,FRM-0073,1.22,C,Quality
LOT-03381,FRM-0018,17.68,A,Intake
LOT-03382,FRM-0077,20.26,C,Packing
LOT-03383,FRM-0048,15.82,A,Storage
LOT-03384,FRM-0023,5.19,C,Quality
LOT-03385,FRM-0095,20.43,C,Quality
LOT-03386,FRM-0047,22.1,A,Quality
LOT-03387,FRM-0004,12.94,B,Storage
LOT-03388,FRM-0081,9.96,B,Packing
LOT-03389,FRM-0004,19.8,B,Intake
LOT-03390,FRM-0061,1.82,A,Storage
LOT-03391,FRM-0006,13.95,C,Quality
LOT-03392,FRM-0021,3.4,B,Quality
LOT-03393,FRM-0012,11.08,A,Intake
LOT-03394,FRM-0061,12.15,B,Storage
LOT-03395,FRM-0018,21.57,C,Intake
LOT-03396,FRM-0040,12.43,B,Quality
LOT-03397,FRM-0042,16.75,B,Intake
LOT-03398,FRM-0062,12.83,C,Quality
LOT-03399,FRM-0017,6.26,A,Quality
LOT-03400,FRM-0029,16.82,C,Intake
LOT-03401,FRM-0092,10.69,C,Intake
LOT-03402,FRM-0032,6.43,A,Packing
LOT-03403,FRM-0043,18.05,B,Packing
LOT-03404,FRM-0098,22.59,B,Storage
LOT-03405,FRM-0048,16.87,C,Intake
LOT-03406,FRM-0096,22.74,B,Intake
LOT-03407,FRM-0026,24.51,A,Quality
LOT-03408,FRM-0082,1.82,A,Quality
LOT-03409,FRM-0051,8.74,C,Storage
LOT-03410,FRM-0062,21.58,A,Storage
LOT-03411,FRM-0058,24.82,B,Packing
LOT-03412,FRM-0070,11.56,C,Packing
LOT-03413,FRM-0084,19.44,B,Packing
LOT-03414,FRM-0024,7.13,B,Storage
LOT-03415,FRM-0085,3.32,B,Packing
LOT-03416,FRM-0009,19.77,B,Intake
LOT-03417,FRM-0070,4.03,A,Storage
LOT-03418,FRM-0015,3.89,C,Packing
LOT-03419,FRM-0017,21.96,B,Storage
LOT-03420,FRM-0056,14.28,A,Quality
LOT-03421,FRM-0051,20.68,C,Quality
LOT-03422,FRM-0019,21.16,A,Intake
LOT-03423,FRM-0026,18.6,B,Quality
LOT-03424,FRM-0073,21.64,C,Intake
LOT-03425,FRM-0069,9.7,A,Quality
LOT-03426,FRM-0048,4.81,C,Quality
LOT-03427,FRM-0082,16.22,C,Quality
LOT-03428,FRM-0097,18.19,C,Storage
LOT-03429,FRM-0026,7.68,B,Packing
LOT-03430,FRM-0050,22.62,B,Storage
LOT-03431,FRM-0060,8.73,C,Packing
LOT-03432,FRM-0001,2.8,C,Packing
LOT-03433,FRM-0027,23.15,C,Intake
LOT-03434,FRM-0008,19.12,A,Quality
LOT-03435,FRM-0062,20.74,A,Storage
LOT-03436,FRM-0021,16.51,B,Quality
LOT-03437,FRM-0032,21.02,A,Quality
LOT-03438,FRM-0036,4.37,B,Intake
LOT-03439,FRM-0093,18.75,C,Quality
LOT-03440,FRM-0027,11.64,C,Packing
LOT-03441,FRM-0098,8.86,C,Intake
LOT-03442,FRM-0067,8.47,A,Storage
LOT-03443,FRM-0030,16.85,B,Intake
LOT-03444,FRM-0070,18.83,B,Quality
LOT-03445,FRM-0010,22.13,C,Packing
LOT-03446,FRM-0035,23.79,A,Storage
LOT-03447,FRM-0033,3.71,B,Storage
LOT-03448,FRM-0075,5.04,C,Storage
LOT-03449,FRM-0098,7.99,C,Intake
LOT-03450,FRM-0012,24.94,C,Packing
LOT-03451,FRM-0031,21.86,C,Storage
LOT-03452,FRM-0090,24.12,B,Intake
LOT-03453,FRM-0082,3.52,B,Packing
LOT-03454,FRM-0033,16.37,B,Storage
LOT-03455,FRM-0086,21.07,B,Intake
LOT-03456,FRM-0002,3.43,B,Quality
LOT-03457,FRM-0075,12.88,C,Storage
LOT-03458,FRM-0086,7.38,C,Storage
LOT-03459,FRM-0072,15.56,C,Storage
LOT-03460,FRM-0078,13.46,C,Storage
LOT-03461,FRM-0006,15.44,C,Intake
LOT-03462,FRM-0074,3.28,A,Packing
LOT-03463,FRM-0075,17.14,C,Storage
LOT-03464,FRM-0051,18.24,A,Packing
LOT-03465,FRM-0083,19.92,B,Intake
LOT-03466,FRM-0052,20.52,C,Storage
LOT-03467,FRM-0086,22.79,A,Quality
LOT-03468,FRM-0004,16.13,B,Intake
LOT-03469,FRM-0038,23.1,A,Storage
LOT-03470,FRM-0033,9.61,C,Packing
LOT-03471,FRM-0046,24.37,A,Packing
LOT-03472,FRM-0058,19.81,B,Storage
LOT-03473,FRM-0090,24.78,B,Quality
LOT-03474,FRM-0027,14.4,C,Packing
LOT-03475,FRM-0095,10.63,B,Quality
LOT-03476,FRM-0064,21.56,B,Packing
LOT-03477,FRM-0079,13.92,A,Packing
LOT-03478,FRM-0040,3.43,C,Intake
LOT-03479,FRM-0082,10.75,C,Storage
LOT-03480,FRM-0082,5.47,B,Quality
LOT-03481,FRM-0034,21.54,B,Packing
LOT-03482,FRM-0044,20.34,B,Quality
LOT-03483,FRM-0022,8.75,A,Quality
LOT-03484,FRM-0075,8.45,C,Packing
LOT-03485,FRM-0097,14.44,A,Storage
LOT-03486,FRM-0080,17.7,A,Intake
LOT-03487,FRM-0012,18.08,C,Storage
LOT-03488,FRM-0034,4.5,B,Packing
LOT-03489,FRM-0051,4.19,B,Intake
LOT-03490,FRM-0095,20.55,B,Intake
LOT-03491,FRM-0042,24.99,B,Intake
LOT-03492,FRM-0032,14.15,C,Packing
LOT-03493,FRM-0004,12.87,C,Quality
LOT-03494,FRM-0032,22.0,B,Quality
LOT-03495,FRM-0019,1.3,A,Intake
LOT-03496,FRM-0079,12.6,B,Storage
LOT-03497,FRM-0072,14.23,C,Quality
LOT-03498,FRM-0053,5.47,C,Storage
LOT-03499,FRM-0081,14.81,B,Packing
LOT-03500,FRM-0091,20.12,B,Packing
LOT-00001,FRM-0060,11.45,C,Packing
