id,lot_id,warehouse_id,quantity_tons,status
INV-00001,LOT-00001,WH-007,8.03,Available
INV-00002,LOT-00002,WH-004,7.08,Available
INV-00003,LOT-00003,WH-006,2.46,Available
INV-00004,LOT-00004,WH-003,7.11,Available
INV-00005,LOT-00005,WH-004,16.12,Available
INV-00006,LOT-00006,WH-010,3.45,Available
INV-00007,LOT-00007,WH-009,14.46,Available
INV-00008,LOT-00008,WH-009,6.96,Available
INV-00009,LOT-00009,WH-010,5.33,Available
INV-00010,LOT-00010,WH-006,14.63,Available
INV-00011,LOT-00011,WH-009,16.6,Available
INV-00012,LOT-00012,WH-004,9.84,Available
INV-00013,LOT-00013,WH-010,16.9,Available
INV-00014,LOT-00014,WH-008,12.76,Available
INV-00015,LOT-00015,WH-008,12.23,Available
INV-00016,LOT-00016,WH-002,19.11,Available
INV-00017,LOT-00017,WH-003,1.42,Available
INV-00018,LOT-00018,WH-008,11.62,Available
INV-00019,LOT-00019,WH-001,18.02,Available
INV-00020,LOT-00020,WH-008,17.48,Available
INV-00021,LOT-00021,WH-003,2.21,Available
INV-00022,LOT-00022,WH-006,2.24,Available
INV-00023,LOT-00023,WH-005,11.83,Available
INV-00024,LOT-00024,WH-001,14.56,Available
INV-00025,LOT-00025,WH-008,9.19,Available
INV-00026,LOT-00026,WH-003,19.74,Available
INV-00027,LOT-00027,WH-004,13.57,Available
INV-00028,LOT-00028,WH-005,11.23,Available
INV-00029,LOT-00029,WH-005,7.28,Available
INV-00030,LOT-00030,WH-010,16.17,Available
INV-00031,LOT-00031,WH-009,18.98,Available
INV-00032,LOT-00032,WH-003,15.56,Available
INV-00033,LOT-00033,WH-010,6.97,Available
INV-00034,LOT-00034,WH-001,19.45,Available
INV-00035,LOT-00035,WH-001,14.53,Available
INV-00036,LOT-00036,WH-006,12.16,Available
INV-00037,LOT-00037,WH-002,12.66,Available
INV-00038,LOT-00038,WH-009,8.86,Available
INV-00039,LOT-00039,WH-003,14.92,Available
INV-00040,LOT-00040,WH-004,19.62,Available
INV-00041,LOT-00041,WH-003,16.88,Available
INV-00042,LOT-00042,WH-001,13.34,Available
INV-00043,LOT-00043,WH-008,14.84,Available
INV-00044,LOT-00044,WH-006,2.69,Available
INV-00045,LOT-00045,WH-007,11.91,Available
INV-00046,LOT-00046,WH-007,16.29,Available
INV-00047,LOT-00047,WH-007,14.23,Available
INV-00048,LOT-00048,WH-003,17.1,Available
INV-00049,LOT-00049,WH-003,2.82,Available
INV-00050,LOT-00050,WH-006,4.37,Available
INV-00051,LOT-00051,WH-007,17.7,Available
INV-00052,LOT-00052,WH-008,2.72,Available
INV-00053,LOT-00053,WH-005,8.63,Available
INV-00054,LOT-00054,WH-004,7.67,Available
INV-00055,LOT-00055,WH-002,7.45,Available
INV-00056,LOT-00056,WH-002,10.95,Available
INV-00057,LOT-00057,WH-001,17.71,Available
INV-00058,LOT-00058,WH-001,19.66,Available
INV-00059,LOT-00059,WH-001,13.97,Available
INV-00060,LOT-00060,WH-002,4.2,Available
INV-00061,LOT-00061,WH-009,1.24,Available
INV-00062,LOT-00062,WH-006,8.31,Available
INV-00063,LOT-00063,WH-001,16.2,Available
INV-00064,LOT-00064,WH-010,11.7,Available
INV-00065,LOT-00065,WH-002,19.16,Available
INV-00066,LOT-00066,WH-004,13.09,Available
INV-00067,LOT-00067,WH-008,4.45,Available
INV-00068,LOT-00068,WH-004,19.54,Available
INV-00069,LOT-00069,WH-002,17.57,Available
INV-00070,LOT-00070,WH-003,12.39,Available
INV-00071,LOT-00071,WH-010,4.36,Available
INV-00072,LOT-00072,WH-008,14.42,Available
INV-00073,LOT-00073,WH-003,10.64,Available
INV-00074,LOT-00074,WH-008,1.58,Available
INV-00075,LOT-00075,WH-001,18.77,Available
INV-00076,LOT-00076,WH-002,16.34,Available
INV-00077,LOT-00077,WH-005,18.77,Available
INV-00078,LOT-00078,WH-002,7.63,Available
INV-00079,LOT-00079,WH-003,12.21,Available
INV-00080,LOT-00080,WH-003,18.1,Available
INV-00081,LOT-00081,WH-008,4.67,Available
INV-00082,LOT-00082,WH-003,19.95,Available
INV-00083,LOT-00083,WH-006,18.82,Available
INV-00084,LOT-00084,WH-009,16.8,Available
INV-00085,LOT-00085,WH-008,18.94,Available
INV-00086,LOT-00086,WH-009,2.24,Available
INV-00087,LOT-00087,WH-004,7.95,Available
INV-00088,LOT-00088,WH-004,19.25,Available
INV-00089,LOT-00089,WH-008,4.58,Available
INV-00090,LOT-00090,WH-007,1.79,Available
INV-00091,LOT-00091,WH-001,18.42,Available
INV-00092,LOT-00092,WH-008,16.41,Available
INV-00093,LOT-00093,WH-010,2.88,Available
INV-00094,LOT-00094,WH-009,2.73,Available
INV-00095,LOT-00095,WH-006,18.33,Available
INV-00096,LOT-00096,WH-010,11.93,Available
INV-00097,LOT-00097,WH-009,10.91,Available
INV-00098,LOT-00098,WH-009,13.22,Available
INV-00099,LOT-00099,WH-005,7.09,Available
INV-00100,LOT-00100,WH-008,15.51,Available
INV-00101,LOT-00101,WH-005,18.94,Available
INV-00102,LOT-00102,WH-007,8.68,Available
INV-00103,LOT-00103,WH-007,2.57,Available
INV-00104,LOT-00104,WH-001,10.33,Available
INV-00105,LOT-00105,WH-006,11.66,Available
INV-00106,LOT-00106,WH-010,8.39,Available
INV-00107,LOT-00107,WH-008,19.85,Available
INV-00108,LOT-00108,WH-005,15.65,Available
INV-00109,LOT-00109,WH-001,11.02,Available
INV-00110,LOT-00110,WH-001,4.57,Available
INV-00111,LOT-00111,WH-002,6.84,Available
INV-00112,LOT-00112,WH-010,15.21,Available
INV-00113,LOT-00113,WH-010,11.31,Available
INV-00114,LOT-00114,WH-006,15.05,Available
INV-00115,LOT-00115,WH-009,1.53,Available
INV-00116,LOT-00116,WH-005,8.31,Available
INV-00117,LOT-00117,WH-006,19.32,Available
INV-00118,LOT-00118,WH-001,16.65,Available
INV-00119,LOT-00119,WH-007,15.03,Available
INV-00120,LOT-00120,WH-009,17.14,Available
INV-00121,LOT-00121,WH-009,8.05,Available
INV-00122,LOT-00122,WH-001,18.3,Available
INV-00123,LOT-00123,WH-002,9.69,Available
INV-00124,LOT-00124,WH-003,17.95,Available
INV-00125,LOT-00125,WH-006,2.39,Available
INV-00126,LOT-00126,WH-004,10.41,Available
INV-00127,LOT-00127,WH-010,13.17,Available
INV-00128,LOT-00128,WH-001,1.86,Available
INV-00129,LOT-00129,WH-007,4.91,Available
INV-00130,LOT-00130,WH-002,18.56,Available
INV-00131,LOT-00131,WH-001,18.18,Available
INV-00132,LOT-00132,WH-006,19.7,Available
INV-00133,LOT-00133,WH-007,16.7,Available
INV-00134,LOT-00134,WH-006,18.43,Available
INV-00135,LOT-00135,WH-007,1.85,Available
INV-00136,LOT-00136,WH-003,12.38,Available
INV-00137,LOT-00137,WH-010,13.7,Available
INV-00138,LOT-00138,WH-007,13.93,Available
INV-00139,LOT-00139,WH-005,4.89,Available
INV-00140,LOT-00140,WH-005,8.77,Available
INV-00141,LOT-00141,WH-001,8.9,Available
INV-00142,LOT-00142,WH-007,8.17,Available
INV-00143,LOT-00143,WH-004,16.52,Available
INV-00144,LOT-00144,WH-008,5.82,Available
INV-00145,LOT-00145,WH-001,12.9,Available
INV-00146,LOT-00146,WH-007,1.79,Available
INV-00147,LOT-00147,WH-008,3.45,Available
INV-00148,LOT-00148,WH-004,2.34,Available
INV-00149,LOT-00149,WH-002,3.19,Available
INV-00150,LOT-00150,WH-008,2.26,Available
INV-00151,LOT-00151,WH-009,7.22,Available
INV-00152,LOT-00152,WH-005,19.15,Available
INV-00153,LOT-00153,WH-007,6.41,Available
INV-00154,LOT-00154,WH-005,6.41,Available
INV-00155,LOT-00155,WH-010,5.97,Available
INV-00156,LOT-00156,WH-002,8.5,Available
INV-00157,LOT-00157,WH-004,19.05,Available
INV-00158,LOT-00158,WH-009,17.08,Available
INV-00159,LOT-00159,WH-004,3.42,Available
INV-00160,LOT-00160,WH-001,9.91,Available
INV-00161,LOT-00161,WH-002,3.12,Available
INV-00162,LOT-00162,WH-001,16.83,Available
INV-00163,LOT-00163,WH-003,2.59,Available
INV-00164,LOT-00164,WH-002,5.59,Available
INV-00165,LOT-00165,WH-010,8.05,Available
INV-00166,LOT-00166,WH-003,9.4,Available
INV-00167,LOT-00167,WH-001,13.59,Available
INV-00168,LOT-00168,WH-009,15.57,Available
INV-00169,LOT-00169,WH-004,15.6,Available
INV-00170,LOT-00170,WH-006,1.83,Available
INV-00171,LOT-00171,WH-001,19.02,Available
INV-00172,LOT-00172,WH-006,17.33,Available
INV-00173,LOT-00173,WH-005,18.51,Available
INV-00174,LOT-00174,WH-006,9.78,Available
INV-00175,LOT-00175,WH-001,8.43,Available
INV-00176,LOT-00176,WH-003,18.99,Available
INV-00177,LOT-00177,WH-009,2.21,Available
INV-00178,LOT-00178,WH-003,12.92,Available
INV-00179,LOT-00179,WH-006,13.5,Available
INV-00180,LOT-00180,WH-008,1.48,Available
INV-00181,LOT-00181,WH-008,2.32,Available
INV-00182,LOT-00182,WH-004,12.43,Available
INV-00183,LOT-00183,WH-005,11.58,Available
INV-00184,LOT-00184,WH-003,11.4,Available
INV-00185,LOT-00185,WH-006,2.08,Available
INV-00186,LOT-00186,WH-002,8.79,Available
INV-00187,LOT-00187,WH-009,1.33,Available
INV-00188,LOT-00188,WH-003,14.76,Available
INV-00189,LOT-00189,WH-006,8.04,Available
INV-00190,LOT-00190,WH-003,18.13,Available
INV-00191,LOT-00191,WH-004,1.11,Available
INV-00192,LOT-00192,WH-001,11.69,Available
INV-00193,LOT-00193,WH-007,15.61,Available
INV-00194,LOT-00194,WH-002,17.28,Available
INV-00195,LOT-00195,WH-001,11.71,Available
INV-00196,LOT-00196,WH-002,1.38,Available
INV-00197,LOT-00197,WH-008,18.81,Available
INV-00198,LOT-00198,WH-007,6.37,Available
INV-00199,LOT-00199,WH-010,8.35,Available
INV-00200,LOT-00200,WH-004,13.97,Available
INV-00201,LOT-00201,WH-010,5.75,Available
INV-00202,LOT-00202,WH-008,10.1,Available
INV-00203,LOT-00203,WH-003,9.63,Available
INV-00204,LOT-00204,WH-006,5.25,Available
INV-00205,LOT-00205,WH-005,13.1,Available
INV-00206,LOT-00206,WH-003,19.3,Available
INV-00207,LOT-00207,WH-007,19.98,Available
INV-00208,LOT-00208,WH-003,7.99,Available
INV-00209,LOT-00209,WH-001,9.2,Available
INV-00210,LOT-00210,WH-005,3.74,Available
INV-00211,LOT-00211,WH-008,8.8,Available
INV-00212,LOT-00212,WH-009,17.18,Available
INV-00213,LOT-00213,WH-007,3.38,Available
INV-00214,LOT-00214,WH-006,4.95,Available
INV-00215,LOT-00215,WH-007,9.0,Available
INV-00216,LOT-00216,WH-007,9.75,Available
INV-00217,LOT-00217,WH-008,9.43,Available
INV-00218,LOT-00218,WH-007,9.81,Available
INV-00219,LOT-00219,WH-006,7.19,Available
INV-00220,LOT-00220,WH-007,3.53,Available
INV-00221,LOT-00221,WH-009,4.91,Available
INV-00222,LOT-00222,WH-004,14.54,Available
INV-00223,LOT-00223,WH-010,4.7,Available
INV-00224,LOT-00224,WH-010,7.9,Available
INV-00225,LOT-00225,WH-008,11.42,Available
INV-00226,LOT-00226,WH-007,8.12,Available
INV-00227,LOT-00227,WH-005,5.06,Available
INV-00228,LOT-00228,WH-003,9.93,Available
INV-00229,LOT-00229,WH-009,13.39,Available
INV-00230,LOT-00230,WH-005,18.19,Available
INV-00231,LOT-00231,WH-010,8.83,Available
INV-00232,LOT-00232,WH-004,5.13,Available
INV-00233,LOT-00233,WH-009,17.91,Available
INV-00234,LOT-00234,WH-007,18.81,Available
INV-00235,LOT-00235,WH-007,4.43,Available
INV-00236,LOT-00236,WH-008,1.45,Available
INV-00237,LOT-00237,WH-004,8.33,Available
INV-00238,LOT-00238,WH-003,6.19,Available
INV-00239,LOT-00239,WH-010,15.62,Available
INV-00240,LOT-00240,WH-007,11.93,Available
INV-00241,LOT-00241,WH-004,3.86,Available
INV-00242,LOT-00242,WH-006,9.9,Available
INV-00243,LOT-00243,WH-003,15.49,Available
INV-00244,LOT-00244,WH-008,7.01,Available
INV-00245,LOT-00245,WH-010,11.08,Available
INV-00246,LOT-00246,WH-001,13.85,Available
INV-00247,LOT-00247,WH-002,2.63,Available
INV-00248,LOT-00248,WH-001,18.48,Available
INV-00249,LOT-00249,WH-001,7.3,Available
INV-00250,LOT-00250,WH-002,6.95,Available
INV-00251,LOT-00251,WH-006,4.86,Available
INV-00252,LOT-00252,WH-003,19.2,Available
INV-00253,LOT-00253,WH-005,16.97,Available
INV-00254,LOT-00254,WH-006,12.84,Available
INV-00255,LOT-00255,WH-006,12.09,Available
INV-00256,LOT-00256,WH-008,10.03,Available
INV-00257,LOT-00257,WH-003,6.51,Available
INV-00258,LOT-00258,WH-002,16.24,Available
INV-00259,LOT-00259,WH-003,18.12,Available
INV-00260,LOT-00260,WH-003,4.1,Available
INV-00261,LOT-00261,WH-002,11.11,Available
INV-00262,LOT-00262,WH-010,8.78,Available
INV-00263,LOT-00263,WH-009,11.49,Available
INV-00264,LOT-00264,WH-008,14.3,Available
INV-00265,LOT-00265,WH-005,14.11,Available
INV-00266,LOT-00266,WH-004,19.55,Available
INV-00267,LOT-00267,WH-003,18.27,Available
INV-00268,LOT-00268,WH-002,15.36,Available
INV-00269,LOT-00269,WH-003,17.72,Available
INV-00270,LOT-00270,WH-008,8.21,Available
INV-00271,LOT-00271,WH-003,15.58,Available
INV-00272,LOT-00272,WH-010,14.07,Available
INV-00273,LOT-00273,WH-006,18.69,Available
INV-00274,LOT-00274,WH-010,11.87,Available
INV-00275,LOT-00275,WH-008,17.99,Available
INV-00276,LOT-00276,WH-008,18.99,Available
INV-00277,LOT-00277,WH-010,7.53,Available
INV-00278,LOT-00278,WH-006,19.77,Available
INV-00279,LOT-00279,WH-006,2.31,Available
INV-00280,LOT-00280,WH-003,12.86,Available
INV-00281,LOT-00281,WH-007,18.42,Available
INV-00282,LOT-00282,WH-002,19.87,Available
INV-00283,LOT-00283,WH-004,19.27,Available
INV-00284,LOT-00284,WH-006,6.55,Available
INV-00285,LOT-00285,WH-002,7.74,Available
INV-00286,LOT-00286,WH-008,1.3,Available
INV-00287,LOT-00287,WH-010,8.94,Available
INV-00288,LOT-00288,WH-003,7.94,Available
INV-00289,LOT-00289,WH-005,4.65,Available
INV-00290,LOT-00290,WH-005,19.66,Available
INV-00291,LOT-00291,WH-001,10.3,Available
INV-00292,LOT-00292,WH-003,1.99,Available
INV-00293,LOT-00293,WH-004,14.31,Available
INV-00294,LOT-00294,WH-005,9.53,Available
INV-00295,LOT-00295,WH-007,7.41,Available
INV-00296,LOT-00296,WH-005,15.25,Available
INV-00297,LOT-00297,WH-008,13.53,Available
INV-00298,LOT-00298,WH-006,11.47,Available
INV-00299,LOT-00299,WH-003,17.57,Available
INV-00300,LOT-00300,WH-010,1.2,Available
INV-00301,LOT-00301,WH-010,1.37,Available
INV-00302,LOT-00302,WH-007,4.79,Available
INV-00303,LOT-00303,WH-008,8.22,Available
INV-00304,LOT-00304,WH-001,14.21,Available
INV-00305,LOT-00305,WH-005,14.24,Available
INV-00306,LOT-00306,WH-006,7.97,Available
INV-00307,LOT-00307,WH-009,17.22,Available
INV-00308,LOT-00308,WH-007,8.74,Available
INV-00309,LOT-00309,WH-006,3.51,Available
INV-00310,LOT-00310,WH-006,14.66,Available
INV-00311,LOT-00311,WH-009,4.67,Available
INV-00312,LOT-00312,WH-005,6.07,Available
INV-00313,LOT-00313,WH-008,18.46,Available
INV-00314,LOT-00314,WH-002,16.3,Available
INV-00315,LOT-00315,WH-006,17.37,Available
INV-00316,LOT-00316,WH-002,1.44,Available
INV-00317,LOT-00317,WH-003,16.32,Available
INV-00318,LOT-00318,WH-002,5.62,Available
INV-00319,LOT-00319,WH-003,8.09,Available
INV-00320,LOT-00320,WH-003,11.87,Available
INV-00321,LOT-00321,WH-004,15.8,Available
INV-00322,LOT-00322,WH-002,1.18,Available
INV-00323,LOT-00323,WH-001,14.99,Available
INV-00324,LOT-00324,WH-006,17.53,Available
INV-00325,LOT-00325,WH-010,2.34,Available
INV-00326,LOT-00326,WH-010,12.9,Available
INV-00327,LOT-00327,WH-008,12.99,Available
INV-00328,LOT-00328,WH-006,15.94,Available
INV-00329,LOT-00329,WH-002,12.64,Available
INV-00330,LOT-00330,WH-001,14.38,Available
INV-00331,LOT-00331,WH-004,18.44,Available
INV-00332,LOT-00332,WH-002,4.53,Available
INV-00333,LOT-00333,WH-002,1.07,Available
INV-00334,LOT-00334,WH-004,4.99,Available
INV-00335,LOT-00335,WH-002,8.35,Available
INV-00336,LOT-00336,WH-009,4.66,Available
INV-00337,LOT-00337,WH-004,14.46,Available
INV-00338,LOT-00338,WH-008,12.5,Available
INV-00339,LOT-00339,WH-003,9.91,Available
INV-00340,LOT-00340,WH-010,17.44,Available
INV-00341,LOT-00341,WH-001,9.41,Available
INV-00342,LOT-00342,WH-009,1.12,Available
INV-00343,LOT-00343,WH-003,19.51,Available
INV-00344,LOT-00344,WH-005,3.73,Available
INV-00345,LOT-00345,WH-009,11.93,Available
INV-00346,LOT-00346,WH-004,14.3,Available
INV-00347,LOT-00347,WH-002,4.58,Available
INV-00348,LOT-00348,WH-006,15.37,Available
INV-00349,LOT-00349,WH-004,4.09,Available
INV-00350,LOT-00350,WH-010,6.64,Available
INV-00351,LOT-00351,WH-007,10.63,Available
INV-00352,LOT-00352,WH-005,5.15,Available
INV-00353,LOT-00353,WH-005,16.66,Available
INV-00354,LOT-00354,WH-004,11.08,Available
INV-00355,LOT-00355,WH-005,6.35,Available
INV-00356,LOT-00356,WH-003,2.23,Available
INV-00357,LOT-00357,WH-002,10.38,Available
INV-00358,LOT-00358,WH-001,12.78,Available
INV-00359,LOT-00359,WH-007,2.52,Available
INV-00360,LOT-00360,WH-008,1.23,Available
INV-00361,LOT-00361,WH-002,7.05,Available
INV-00362,LOT-00362,WH-006,14.26,Available
INV-00363,LOT-00363,WH-010,13.89,Available
INV-00364,LOT-00364,WH-002,11.81,Available
INV-00365,LOT-00365,WH-006,9.56,Available
INV-00366,LOT-00366,WH-008,8.04,Available
INV-00367,LOT-00367,WH-005,15.5,Available
INV-00368,LOT-00368,WH-006,11.37,Available
INV-00369,LOT-00369,WH-004,5.33,Available
INV-00370,LOT-00370,WH-003,1.81,Available
INV-00371,LOT-00371,WH-006,8.78,Available
INV-00372,LOT-00372,WH-008,7.16,Available
INV-00373,LOT-00373,WH-007,9.81,Available
INV-00374,LOT-00374,WH-008,9.59,Available
INV-00375,LOT-00375,WH-003,15.02,Available
INV-00376,LOT-00376,WH-007,8.97,Available
INV-00377,LOT-00377,WH-001,17.59,Available
INV-00378,LOT-00378,WH-006,8.25,Available
INV-00379,LOT-00379,WH-003,8.59,Available
INV-00380,LOT-00380,WH-001,9.25,Available
INV-00381,LOT-00381,WH-003,3.87,Available
INV-00382,LOT-00382,WH-003,5.12,Available
INV-00383,LOT-00383,WH-001,8.43,Available
INV-00384,LOT-00384,WH-003,6.15,Available
INV-00385,LOT-00385,WH-004,1.41,Available
INV-00386,LOT-00386,WH-007,4.01,Available
INV-00387,LOT-00387,WH-009,6.28,Available
INV-00388,LOT-00388,WH-004,10.24,Available
INV-00389,LOT-00389,WH-008,9.22,Available
INV-00390,LOT-00390,WH-003,10.26,Available
INV-00391,LOT-00391,WH-001,7.71,Available
INV-00392,LOT-00392,WH-002,2.27,Available
INV-00393,LOT-00393,WH-006,14.41,Available
INV-00394,LOT-00394,WH-010,6.5,Available
INV-00395,LOT-00395,WH-004,10.86,Available
INV-00396,LOT-00396,WH-008,16.27,Available
INV-00397,LOT-00397,WH-007,10.32,Available
INV-00398,LOT-00398,WH-005,13.0,Available
INV-00399,LOT-00399,WH-006,12.98,Available
INV-00400,LOT-00400,WH-010,9.15,Available
INV-00401,LOT-00401,WH-002,12.38,Available
INV-00402,LOT-00402,WH-009,6.36,Available
INV-00403,LOT-00403,WH-006,16.34,Available
INV-00404,LOT-00404,WH-003,8.02,Available
INV-00405,LOT-00405,WH-008,2.2,Available
INV-00406,LOT-00406,WH-008,8.03,Available
INV-00407,LOT-00407,WH-004,4.98,Available
INV-00408,LOT-00408,WH-006,14.08,Available
INV-00409,LOT-00409,WH-006,13.04,Available
INV-00410,LOT-00410,WH-008,15.95,Available
INV-00411,LOT-00411,WH-009,7.47,Available
INV-00412,LOT-00412,WH-006,14.27,Available
INV-00413,LOT-00413,WH-003,19.34,Available
INV-00414,LOT-00414,WH-010,19.45,Available
INV-00415,LOT-00415,WH-004,14.45,Available
INV-00416,LOT-00416,WH-010,5.5,Available
INV-00417,LOT-00417,WH-004,10.28,Available
INV-00418,LOT-00418,WH-008,17.92,Available
INV-00419,LOT-00419,WH-006,10.71,Available
INV-00420,LOT-00420,WH-002,8.3,Available
INV-00421,LOT-00421,WH-003,12.85,Available
INV-00422,LOT-00422,WH-002,11.06,Available
INV-00423,LOT-00423,WH-008,12.45,Available
INV-00424,LOT-00424,WH-005,2.27,Available
INV-00425,LOT-00425,WH-007,15.77,Available
INV-00426,LOT-00426,WH-005,14.53,Available
INV-00427,LOT-00427,WH-006,17.11,Available
INV-00428,LOT-00428,WH-001,10.0,Available
INV-00429,LOT-00429,WH-004,13.03,Available
INV-00430,LOT-00430,WH-006,7.77,Available
INV-00431,LOT-00431,WH-010,10.17,Available
INV-00432,LOT-00432,WH-003,15.89,Available
INV-00433,LOT-00433,WH-006,10.21,Available
INV-00434,LOT-00434,WH-006,12.49,Available
INV-00435,LOT-00435,WH-009,4.8,Available
INV-00436,LOT-00436,WH-004,19.2,Available
INV-00437,LOT-00437,WH-010,12.5,Available
INV-00438,LOT-00438,WH-005,14.93,Available
INV-00439,LOT-00439,WH-004,10.95,Available
INV-00440,LOT-00440,WH-009,6.37,Available
INV-00441,LOT-00441,WH-007,9.04,Available
INV-00442,LOT-00442,WH-001,6.67,Available
INV-00443,LOT-00443,WH-004,3.74,Available
INV-00444,LOT-00444,WH-001,1.55,Available
INV-00445,LOT-00445,WH-007,2.5,Available
INV-00446,LOT-00446,WH-008,15.74,Available
INV-00447,LOT-00447,WH-003,9.49,Available
INV-00448,LOT-00448,WH-007,11.55,Available
INV-00449,LOT-00449,WH-010,9.44,Available
INV-00450,LOT-00450,WH-006,3.05,Available
INV-00451,LOT-00451,WH-005,9.66,Available
INV-00452,LOT-00452,WH-004,14.42,Available
INV-00453,LOT-00453,WH-008,6.41,Available
INV-00454,LOT-00454,WH-010,3.44,Available
INV-00455,LOT-00455,WH-001,3.35,Available
INV-00456,LOT-00456,WH-006,11.5,Available
INV-00457,LOT-00457,WH-006,3.69,Available
INV-00458,LOT-00458,WH-007,11.45,Available
INV-00459,LOT-00459,WH-007,13.28,Available
INV-00460,LOT-00460,WH-007,4.38,Available
INV-00461,LOT-00461,WH-010,16.89,Available
INV-00462,LOT-00462,WH-001,13.23,Available
INV-00463,LOT-00463,WH-006,11.75,Available
INV-00464,LOT-00464,WH-010,1.75,Available
INV-00465,LOT-00465,WH-009,2.06,Available
INV-00466,LOT-00466,WH-003,10.44,Available
INV-00467,LOT-00467,WH-002,3.66,Available
INV-00468,LOT-00468,WH-002,10.93,Available
INV-00469,LOT-00469,WH-004,2.75,Available
INV-00470,LOT-00470,WH-006,19.47,Available
INV-00471,LOT-00471,WH-006,2.54,Available
INV-00472,LOT-00472,WH-006,15.27,Available
INV-00473,LOT-00473,WH-008,8.61,Available
INV-00474,LOT-00474,WH-001,10.97,Available
INV-00475,LOT-00475,WH-007,14.2,Available
INV-00476,LOT-00476,WH-009,16.63,Available
INV-00477,LOT-00477,WH-004,9.52,Available
INV-00478,LOT-00478,WH-002,15.49,Available
INV-00479,LOT-00479,WH-005,5.32,Available
INV-00480,LOT-00480,WH-001,13.25,Available
INV-00481,LOT-00481,WH-009,1.46,Available
INV-00482,LOT-00482,WH-004,10.1,Available
INV-00483,LOT-00483,WH-001,5.16,Available
INV-00484,LOT-00484,WH-004,19.05,Available
INV-00485,LOT-00485,WH-003,10.51,Available
INV-00486,LOT-00486,WH-006,8.36,Available
INV-00487,LOT-00487,WH-007,1.37,Available
INV-00488,LOT-00488,WH-005,10.35,Available
INV-00489,LOT-00489,WH-007,11.45,Available
INV-00490,LOT-00490,WH-001,4.8,Available
INV-00491,LOT-00491,WH-001,4.97,Available
INV-00492,LOT-00492,WH-010,10.34,Available
INV-00493,LOT-00493,WH-006,14.33,Available
INV-00494,LOT-00494,WH-010,17.75,Available
INV-00495,LOT-00495,WH-009,18.07,Available
INV-00496,LOT-00496,WH-003,8.55,Available
INV-00497,LOT-00497,WH-003,11.19,Available
INV-00498,LOT-00498,WH-010,6.35,Available
INV-00499,LOT-00499,WH-009,8.11,Available
INV-00500,LOT-00500,WH-007,4.04,Available
INV-00501,LOT-00501,WH-004,15.33,Available
INV-00502,LOT-00502,WH-005,7.36,Available
INV-00503,LOT-00503,WH-006,18.06,Available
INV-00504,LOT-00504,WH-007,3.26,Available
INV-00505,LOT-00505,WH-005,9.58,Available
INV-00506,LOT-00506,WH-008,12.46,Available
INV-00507,LOT-00507,WH-009,15.63,Available
INV-00508,LOT-00508,WH-004,4.51,Available
INV-00509,LOT-00509,WH-001,8.36,Available
INV-00510,LOT-00510,WH-002,15.11,Available
INV-00511,LOT-00511,WH-004,4.8,Available
INV-00512,LOT-00512,WH-010,14.98,Available
INV-00513,LOT-00513,WH-005,16.83,Available
INV-00514,LOT-00514,WH-004,17.85,Available
INV-00515,LOT-00515,WH-005,7.86,Available
INV-00516,LOT-00516,WH-001,13.31,Available
INV-00517,LOT-00517,WH-004,11.77,Available
INV-00518,LOT-00518,WH-005,5.12,Available
INV-00519,LOT-00519,WH-001,6.89,Available
INV-00520,LOT-00520,WH-004,16.76,Available
INV-00521,LOT-00521,WH-006,4.92,Available
INV-00522,LOT-00522,WH-007,14.68,Available
INV-00523,LOT-00523,WH-008,19.7,Available
INV-00524,LOT-00524,WH-010,15.32,Available
INV-00525,LOT-00525,WH-008,10.12,Available
INV-00526,LOT-00526,WH-010,6.42,Available
INV-00527,LOT-00527,WH-004,2.48,Available
INV-00528,LOT-00528,WH-002,17.8,Available
INV-00529,LOT-00529,WH-001,12.77,Available
INV-00530,LOT-00530,WH-001,18.99,Available
INV-00531,LOT-00531,WH-001,6.77,Available
INV-00532,LOT-00532,WH-007,14.85,Available
INV-00533,LOT-00533,WH-003,2.85,Available
INV-00534,LOT-00534,WH-006,5.09,Available
INV-00535,LOT-00535,WH-004,19.45,Available
INV-00536,LOT-00536,WH-006,2.45,Available
INV-00537,LOT-00537,WH-007,13.42,Available
INV-00538,LOT-00538,WH-005,15.64,Available
INV-00539,LOT-00539,WH-002,6.74,Available
INV-00540,LOT-00540,WH-005,9.68,Available
INV-00541,LOT-00541,WH-004,3.29,Available
INV-00542,LOT-00542,WH-001,17.73,Available
INV-00543,LOT-00543,WH-008,4.32,Available
INV-00544,LOT-00544,WH-002,2.64,Available
INV-00545,LOT-00545,WH-004,9.65,Available
INV-00546,LOT-00546,WH-010,14.2,Available
INV-00547,LOT-00547,WH-005,6.13,Available
INV-00548,LOT-00548,WH-010,10.11,Available
INV-00549,LOT-00549,WH-003,5.09,Available
INV-00550,LOT-00550,WH-007,13.88,Available
INV-00551,LOT-00551,WH-001,1.71,Available
INV-00552,LOT-00552,WH-007,16.78,Available
INV-00553,LOT-00553,WH-007,4.33,Available
INV-00554,LOT-00554,WH-001,11.96,Available
INV-00555,LOT-00555,WH-001,13.48,Available
INV-00556,LOT-00556,WH-005,14.49,Available
INV-00557,LOT-00557,WH-008,4.85,Available
INV-00558,LOT-00558,WH-005,1.46,Available
INV-00559,LOT-00559,WH-005,19.3,Available
INV-00560,LOT-00560,WH-004,5.46,Available
INV-00561,LOT-00561,WH-008,16.4,Available
INV-00562,LOT-00562,WH-001,17.6,Available
INV-00563,LOT-00563,WH-007,11.62,Available
INV-00564,LOT-00564,WH-008,16.05,Available
INV-00565,LOT-00565,WH-001,6.44,Available
INV-00566,LOT-00566,WH-002,12.36,Available
INV-00567,LOT-00567,WH-008,16.59,Available
INV-00568,LOT-00568,WH-009,4.11,Available
INV-00569,LOT-00569,WH-006,14.8,Available
INV-00570,LOT-00570,WH-009,3.77,Available
INV-00571,LOT-00571,WH-006,8.73,Available
INV-00572,LOT-00572,WH-010,8.63,Available
INV-00573,LOT-00573,WH-008,19.69,Available
INV-00574,LOT-00574,WH-005,3.81,Available
INV-00575,LOT-00575,WH-008,13.84,Available
INV-00576,LOT-00576,WH-007,7.85,Available
INV-00577,LOT-00577,WH-007,2.64,Available
INV-00578,LOT-00578,WH-005,17.81,Available
INV-00579,LOT-00579,WH-006,18.57,Available
INV-00580,LOT-00580,WH-008,9.56,Available
INV-00581,LOT-00581,WH-009,17.37,Available
INV-00582,LOT-00582,WH-003,17.91,Available
INV-00583,LOT-00583,WH-006,10.62,Available
INV-00584,LOT-00584,WH-003,12.38,Available
INV-00585,LOT-00585,WH-009,13.02,Available
INV-00586,LOT-00586,WH-003,17.17,Available
INV-00587,LOT-00587,WH-010,3.65,Available
INV-00588,LOT-00588,WH-004,16.67,Available
INV-00589,LOT-00589,WH-007,2.55,Available
INV-00590,LOT-00590,WH-007,17.73,Available
INV-00591,LOT-00591,WH-009,11.34,Available
INV-00592,LOT-00592,WH-009,2.97,Available
INV-00593,LOT-00593,WH-001,5.84,Available
INV-00594,LOT-00594,WH-009,13.63,Available
INV-00595,LOT-00595,WH-003,15.05,Available
INV-00596,LOT-00596,WH-006,10.29,Available
INV-00597,LOT-00597,WH-006,14.91,Available
INV-00598,LOT-00598,WH-006,11.42,Available
INV-00599,LOT-00599,WH-007,10.94,Available
INV-00600,LOT-00600,WH-007,5.16,Available
INV-00601,LOT-00601,WH-006,15.25,Available
INV-00602,LOT-00602,WH-002,5.29,Available
INV-00603,LOT-00603,WH-008,3.96,Available
INV-00604,LOT-00604,WH-004,14.61,Available
INV-00605,LOT-00605,WH-009,16.2,Available
INV-00606,LOT-00606,WH-008,3.74,Available
INV-00607,LOT-00607,WH-002,14.2,Available
INV-00608,LOT-00608,WH-005,5.59,Available
INV-00609,LOT-00609,WH-007,6.75,Available
INV-00610,LOT-00610,WH-004,11.3,Available
INV-00611,LOT-00611,WH-002,19.08,Available
INV-00612,LOT-00612,WH-004,1.45,Available
INV-00613,LOT-00613,WH-001,6.62,Available
INV-00614,LOT-00614,WH-004,4.53,Available
INV-00615,LOT-00615,WH-002,2.27,Available
INV-00616,LOT-00616,WH-008,19.07,Available
INV-00617,LOT-00617,WH-007,18.95,Available
INV-00618,LOT-00618,WH-007,1.2,Available
INV-00619,LOT-00619,WH-010,6.7,Available
INV-00620,LOT-00620,WH-007,8.12,Available
INV-00621,LOT-00621,WH-005,9.14,Available
INV-00622,LOT-00622,WH-010,18.47,Available
INV-00623,LOT-00623,WH-010,12.27,Available
INV-00624,LOT-00624,WH-008,19.56,Available
INV-00625,LOT-00625,WH-008,7.07,Available
INV-00626,LOT-00626,WH-001,5.86,Available
INV-00627,LOT-00627,WH-008,17.36,Available
INV-00628,LOT-00628,WH-007,15.31,Available
INV-00629,LOT-00629,WH-002,9.03,Available
INV-00630,LOT-00630,WH-010,12.78,Available
INV-00631,LOT-00631,WH-006,19.03,Available
INV-00632,LOT-00632,WH-008,19.9,Available
INV-00633,LOT-00633,WH-007,1.73,Available
INV-00634,LOT-00634,WH-008,15.42,Available
INV-00635,LOT-00635,WH-002,10.02,Available
INV-00636,LOT-00636,WH-009,2.75,Available
INV-00637,LOT-00637,WH-004,14.76,Available
INV-00638,LOT-00638,WH-002,9.64,Available
INV-00639,LOT-00639,WH-006,5.59,Available
INV-00640,LOT-00640,WH-008,1.65,Available
INV-00641,LOT-00641,WH-005,11.5,Available
INV-00642,LOT-00642,WH-008,5.11,Available
INV-00643,LOT-00643,WH-007,2.8,Available
INV-00644,LOT-00644,WH-003,12.28,Available
INV-00645,LOT-00645,WH-001,18.78,Available
INV-00646,LOT-00646,WH-008,2.31,Available
INV-00647,LOT-00647,WH-003,9.8,Available
INV-00648,LOT-00648,WH-010,8.38,Available
INV-00649,LOT-00649,WH-009,13.42,Available
INV-00650,LOT-00650,WH-001,5.81,Available
INV-00651,LOT-00651,WH-002,14.27,Available
INV-00652,LOT-00652,WH-008,4.3,Available
INV-00653,LOT-00653,WH-008,6.57,Available
INV-00654,LOT-00654,WH-003,1.76,Available
INV-00655,LOT-00655,WH-010,7.3,Available
INV-00656,LOT-00656,WH-002,14.05,Available
INV-00657,LOT-00657,WH-002,4.78,Available
INV-00658,LOT-00658,WH-008,5.73,Available
INV-00659,LOT-00659,WH-007,15.74,Available
INV-00660,LOT-00660,WH-003,15.68,Available
INV-00661,LOT-00661,WH-001,6.74,Available
INV-00662,LOT-00662,WH-004,7.46,Available
INV-00663,LOT-00663,WH-010,17.07,Available
INV-00664,LOT-00664,WH-004,14.56,Available
INV-00665,LOT-00665,WH-002,2.93,Available
INV-00666,LOT-00666,WH-003,3.51,Available
INV-00667,LOT-00667,WH-010,11.69,Available
INV-00668,LOT-00668,WH-008,10.43,Available
INV-00669,LOT-00669,WH-007,1.39,Available
INV-00670,LOT-00670,WH-009,18.06,Available
INV-00671,LOT-00671,WH-006,13.06,Available
INV-00672,LOT-00672,WH-002,8.95,Available
INV-00673,LOT-00673,WH-001,6.3,Available
INV-00674,LOT-00674,WH-009,14.34,Available
INV-00675,LOT-00675,WH-002,2.24,Available
INV-00676,LOT-00676,WH-005,17.68,Available
INV-00677,LOT-00677,WH-006,10.02,Available
INV-00678,LOT-00678,WH-009,18.47,Available
INV-00679,LOT-00679,WH-003,3.3,Available
INV-00680,LOT-00680,WH-003,2.64,Available
INV-00681,LOT-00681,WH-003,13.63,Available
INV-00682,LOT-00682,WH-008,13.54,Available
INV-00683,LOT-00683,WH-009,8.09,Available
INV-00684,LOT-00684,WH-005,10.08,Available
INV-00685,LOT-00685,WH-003,12.06,Available
INV-00686,LOT-00686,WH-002,11.63,Available
INV-00687,LOT-00687,WH-004,4.85,Available
INV-00688,LOT-00688,WH-005,3.53,Available
INV-00689,LOT-00689,WH-007,1.21,Available
INV-00690,LOT-00690,WH-001,10.69,Available
INV-00691,LOT-00691,WH-001,3.14,Available
INV-00692,LOT-00692,WH-005,12.13,Available
INV-00693,LOT-00693,WH-001,6.76,Available
INV-00694,LOT-00694,WH-003,7.07,Available
INV-00695,LOT-00695,WH-004,17.35,Available
INV-00696,LOT-00696,WH-004,4.58,Available
INV-00697,LOT-00697,WH-008,10.09,Available
INV-00698,LOT-00698,WH-004,2.88,Available
INV-00699,LOT-00699,WH-007,11.51,Available
INV-00700,LOT-00700,WH-009,17.32,Available
INV-00701,LOT-00701,WH-002,3.78,Available
INV-00702,LOT-00702,WH-003,17.3,Available
INV-00703,LOT-00703,WH-003,17.36,Available
INV-00704,LOT-00704,WH-002,10.08,Available
INV-00705,LOT-00705,WH-002,11.76,Available
INV-00706,LOT-00706,WH-004,12.91,Available
INV-00707,LOT-00707,WH-007,16.96,Available
INV-00708,LOT-00708,WH-006,18.81,Available
INV-00709,LOT-00709,WH-005,8.72,Available
INV-00710,LOT-00710,WH-007,1.82,Available
INV-00711,LOT-00711,WH-006,15.83,Available
INV-00712,LOT-00712,WH-001,4.66,Available
INV-00713,LOT-00713,WH-006,8.42,Available
INV-00714,LOT-00714,WH-010,16.89,Available
INV-00715,LOT-00715,WH-004,15.22,Available
INV-00716,LOT-00716,WH-003,10.11,Available
INV-00717,LOT-00717,WH-009,17.89,Available
INV-00718,LOT-00718,WH-003,5.59,Available
INV-00719,LOT-00719,WH-009,6.46,Available
INV-00720,LOT-00720,WH-002,9.22,Available
INV-00721,LOT-00721,WH-001,8.93,Available
INV-00722,LOT-00722,WH-009,2.61,Available
INV-00723,LOT-00723,WH-003,15.69,Available
INV-00724,LOT-00724,WH-001,8.02,Available
INV-00725,LOT-00725,WH-007,6.34,Available
INV-00726,LOT-00726,WH-006,6.77,Available
INV-00727,LOT-00727,WH-009,12.5,Available
INV-00728,LOT-00728,WH-005,17.25,Available
INV-00729,LOT-00729,WH-008,10.72,Available
INV-00730,LOT-00730,WH-007,15.39,Available
INV-00731,LOT-00731,WH-010,14.21,Available
INV-00732,LOT-00732,WH-010,12.39,Available
INV-00733,LOT-00733,WH-010,3.61,Available
INV-00734,LOT-00734,WH-006,2.73,Available
INV-00735,LOT-00735,WH-008,19.53,Available
INV-00736,LOT-00736,WH-009,10.82,Available
INV-00737,LOT-00737,WH-002,5.78,Available
INV-00738,LOT-00738,WH-005,18.75,Available
INV-00739,LOT-00739,WH-005,12.29,Available
INV-00740,LOT-00740,WH-004,6.95,Available
INV-00741,LOT-00741,WH-006,18.24,Available
INV-00742,LOT-00742,WH-010,4.63,Available
INV-00743,LOT-00743,WH-005,4.65,Available
INV-00744,LOT-00744,WH-006,10.84,Available
INV-00745,LOT-00745,WH-007,6.29,Available
INV-00746,LOT-00746,WH-010,9.05,Available
INV-00747,LOT-00747,WH-004,15.6,Available
INV-00748,LOT-00748,WH-003,16.24,Available
INV-00749,LOT-00749,WH-005,4.61,Available
INV-00750,LOT-00750,WH-006,14.54,Available
INV-00751,LOT-00751,WH-009,7.1,Available
INV-00752,LOT-00752,WH-008,12.05,Available
INV-00753,LOT-00753,WH-003,3.23,Available
INV-00754,LOT-00754,WH-005,13.13,Available
INV-00755,LOT-00755,WH-004,12.36,Available
INV-00756,LOT-00756,WH-006,4.48,Available
INV-00757,LOT-00757,WH-008,8.12,Available
INV-00758,LOT-00758,WH-007,10.2,Available
INV-00759,LOT-00759,WH-005,18.72,Available
INV-00760,LOT-00760,WH-008,11.21,Available
INV-00761,LOT-00761,WH-003,5.84,Available
INV-00762,LOT-00762,WH-002,5.8,Available
INV-00763,LOT-00763,WH-007,16.45,Available
INV-00764,LOT-00764,WH-007,1.06,Available
INV-00765,LOT-00765,WH-004,16.43,Available
INV-00766,LOT-00766,WH-005,18.63,Available
INV-00767,LOT-00767,WH-008,18.76,Available
INV-00768,LOT-00768,WH-009,12.09,Available
INV-00769,LOT-00769,WH-005,10.71,Available
INV-00770,LOT-00770,WH-007,4.78,Available
INV-00771,LOT-00771,WH-001,19.65,Available
INV-00772,LOT-00772,WH-008,12.31,Available
INV-00773,LOT-00773,WH-008,9.31,Available
INV-00774,LOT-00774,WH-006,3.27,Available
INV-00775,LOT-00775,WH-003,3.34,Available
INV-00776,LOT-00776,WH-001,1.78,Available
INV-00777,LOT-00777,WH-002,6.27,Available
INV-00778,LOT-00778,WH-009,11.17,Available
INV-00779,LOT-00779,WH-003,15.89,Available
INV-00780,LOT-00780,WH-007,4.89,Available
INV-00781,LOT-00781,WH-010,2.14,Available
INV-00782,LOT-00782,WH-002,7.41,Available
INV-00783,LOT-00783,WH-010,14.67,Available
INV-00784,LOT-00784,WH-005,9.17,Available
INV-00785,LOT-00785,WH-004,5.19,Available
INV-00786,LOT-00786,WH-010,11.84,Available
INV-00787,LOT-00787,WH-005,18.63,Available
INV-00788,LOT-00788,WH-006,16.97,Available
INV-00789,LOT-00789,WH-003,1.44,Available
INV-00790,LOT-00790,WH-010,7.02,Available
INV-00791,LOT-00791,WH-004,4.27,Available
INV-00792,LOT-00792,WH-007,4.86,Available
INV-00793,LOT-00793,WH-010,1.33,Available
INV-00794,LOT-00794,WH-003,2.73,Available
INV-00795,LOT-00795,WH-010,19.59,Available
INV-00796,LOT-00796,WH-005,16.38,Available
INV-00797,LOT-00797,WH-002,2.82,Available
INV-00798,LOT-00798,WH-007,5.2,Available
INV-00799,LOT-00799,WH-008,12.58,Available
INV-00800,LOT-00800,WH-003,18.43,Available
INV-00801,LOT-00801,WH-005,3.04,Available
INV-00802,LOT-00802,WH-004,13.75,Available
INV-00803,LOT-00803,WH-007,12.01,Available
INV-00804,LOT-00804,WH-010,17.14,Available
INV-00805,LOT-00805,WH-008,5.05,Available
INV-00806,LOT-00806,WH-002,17.1,Available
INV-00807,LOT-00807,WH-007,14.54,Available
INV-00808,LOT-00808,WH-008,3.86,Available
INV-00809,LOT-00809,WH-007,17.16,Available
INV-00810,LOT-00810,WH-007,1.44,Available
INV-00811,LOT-00811,WH-005,4.9,Available
INV-00812,LOT-00812,WH-008,9.3,Available
INV-00813,LOT-00813,WH-009,7.5,Available
INV-00814,LOT-00814,WH-001,10.48,Available
INV-00815,LOT-00815,WH-010,8.37,Available
INV-00816,LOT-00816,WH-008,12.52,Available
INV-00817,LOT-00817,WH-006,3.75,Available
INV-00818,LOT-00818,WH-002,12.42,Available
INV-00819,LOT-00819,WH-007,4.2,Available
INV-00820,LOT-00820,WH-007,4.94,Available
INV-00821,LOT-00821,WH-006,7.71,Available
INV-00822,LOT-00822,WH-005,5.73,Available
INV-00823,LOT-00823,WH-005,18.07,Available
INV-00824,LOT-00824,WH-007,12.41,Available
INV-00825,LOT-00825,WH-008,19.25,Available
INV-00826,LOT-00826,WH-010,5.64,Available
INV-00827,LOT-00827,WH-002,9.59,Available
INV-00828,LOT-00828,WH-001,8.39,Available
INV-00829,LOT-00829,WH-006,7.83,Available
INV-00830,LOT-00830,WH-001,10.33,Available
INV-00831,LOT-00831,WH-008,18.27,Available
INV-00832,LOT-00832,WH-002,9.31,Available
INV-00833,LOT-00833,WH-006,5.34,Available
INV-00834,LOT-00834,WH-006,18.32,Available
INV-00835,LOT-00835,WH-005,10.09,Available
INV-00836,LOT-00836,WH-003,5.16,Available
INV-00837,LOT-00837,WH-010,13.26,Available
INV-00838,LOT-00838,WH-010,11.09,Available
INV-00839,LOT-00839,WH-004,17.07,Available
INV-00840,LOT-00840,WH-007,7.93,Available
INV-00841,LOT-00841,WH-004,2.71,Available
INV-00842,LOT-00842,WH-003,2.76,Available
INV-00843,LOT-00843,WH-009,1.95,Available
INV-00844,LOT-00844,WH-002,10.98,Available
INV-00845,LOT-00845,WH-005,9.61,Available
INV-00846,LOT-00846,WH-005,3.69,Available
INV-00847,LOT-00847,WH-007,6.29,Available
INV-00848,LOT-00848,WH-003,5.35,Available
INV-00849,LOT-00849,WH-005,4.17,Available
INV-00850,LOT-00850,WH-002,5.4,Available
INV-00851,LOT-00851,WH-002,12.8,Available
INV-00852,LOT-00852,WH-010,13.44,Available
INV-00853,LOT-00853,WH-003,6.48,Available
INV-00854,LOT-00854,WH-008,18.9,Available
INV-00855,LOT-00855,WH-003,5.49,Available
INV-00856,LOT-00856,WH-004,12.45,Available
INV-00857,LOT-00857,WH-002,2.28,Available
INV-00858,LOT-00858,WH-002,6.11,Available
INV-00859,LOT-00859,WH-003,11.15,Available
INV-00860,LOT-00860,WH-008,11.52,Available
INV-00861,LOT-00861,WH-006,14.74,Available
INV-00862,LOT-00862,WH-003,11.14,Available
INV-00863,LOT-00863,WH-003,5.67,Available
INV-00864,LOT-00864,WH-001,7.18,Available
INV-00865,LOT-00865,WH-003,15.56,Available
INV-00866,LOT-00866,WH-009,16.45,Available
INV-00867,LOT-00867,WH-009,10.59,Available
INV-00868,LOT-00868,WH-001,8.48,Available
INV-00869,LOT-00869,WH-003,1.92,Available
INV-00870,LOT-00870,WH-003,17.08,Available
INV-00871,LOT-00871,WH-004,17.37,Available
INV-00872,LOT-00872,WH-006,11.9,Available
INV-00873,LOT-00873,WH-005,9.79,Available
INV-00874,LOT-00874,WH-008,4.33,Available
INV-00875,LOT-00875,WH-002,14.56,Available
INV-00876,LOT-00876,WH-003,13.16,Available
INV-00877,LOT-00877,WH-001,2.27,Available
INV-00878,LOT-00878,WH-007,3.58,Available
INV-00879,LOT-00879,WH-005,9.75,Available
INV-00880,LOT-00880,WH-008,13.87,Available
INV-00881,LOT-00881,WH-007,11.46,Available
INV-00882,LOT-00882,WH-007,17.89,Available
INV-00883,LOT-00883,WH-008,19.28,Available
INV-00884,LOT-00884,WH-009,7.72,Available
INV-00885,LOT-00885,WH-010,11.97,Available
INV-00886,LOT-00886,WH-007,15.28,Available
INV-00887,LOT-00887,WH-009,18.8,Available
INV-00888,LOT-00888,WH-003,10.56,Available
INV-00889,LOT-00889,WH-008,3.4,Available
INV-00890,LOT-00890,WH-001,4.93,Available
INV-00891,LOT-00891,WH-010,19.9,Available
INV-00892,LOT-00892,WH-005,3.2,Available
INV-00893,LOT-00893,WH-007,8.27,Available
INV-00894,LOT-00894,WH-005,8.1,Available
INV-00895,LOT-00895,WH-006,10.26,Available
INV-00896,LOT-00896,WH-001,5.1,Available
INV-00897,LOT-00897,WH-003,9.55,Available
INV-00898,LOT-00898,WH-010,16.02,Available
INV-00899,LOT-00899,WH-003,13.33,Available
INV-00900,LOT-00900,WH-005,8.53,Available
INV-00901,LOT-00901,WH-003,1.31,Available
INV-00902,LOT-00902,WH-004,18.17,Available
INV-00903,LOT-00903,WH-005,10.25,Available
INV-00904,LOT-00904,WH-008,14.54,Available
INV-00905,LOT-00905,WH-006,17.77,Available
INV-00906,LOT-00906,WH-008,3.48,Available
INV-00907,LOT-00907,WH-001,5.66,Available
INV-00908,LOT-00908,WH-003,18.04,Available
INV-00909,LOT-00909,WH-002,6.61,Available
INV-00910,LOT-00910,WH-001,7.66,Available
INV-00911,LOT-00911,WH-007,17.85,Available
INV-00912,LOT-00912,WH-007,2.48,Available
INV-00913,LOT-00913,WH-005,7.74,Available
INV-00914,LOT-00914,WH-009,11.48,Available
INV-00915,LOT-00915,WH-001,18.75,Available
INV-00916,LOT-00916,WH-008,2.29,Available
INV-00917,LOT-00917,WH-006,4.68,Available
INV-00918,LOT-00918,WH-009,4.15,Available
INV-00919,LOT-00919,WH-002,3.77,Available
INV-00920,LOT-00920,WH-009,6.12,Available
INV-00921,LOT-00921,WH-001,10.68,Available
INV-00922,LOT-00922,WH-009,8.05,Available
INV-00923,LOT-00923,WH-008,8.66,Available
INV-00924,LOT-00924,WH-010,9.75,Available
INV-00925,LOT-00925,WH-010,7.2,Available
INV-00926,LOT-00926,WH-006,1.97,Available
INV-00927,LOT-00927,WH-009,12.13,Available
INV-00928,LOT-00928,WH-008,15.41,Available
INV-00929,LOT-00929,WH-007,15.51,Available
INV-00930,LOT-00930,WH-001,13.66,Available
INV-00931,LOT-00931,WH-009,14.84,Available
INV-00932,LOT-00932,WH-010,10.61,Available
INV-00933,LOT-00933,WH-003,18.73,Available
INV-00934,LOT-00934,WH-007,7.27,Available
INV-00935,LOT-00935,WH-008,14.9,Available
INV-00936,LOT-00936,WH-005,3.74,Available
INV-00937,LOT-00937,WH-004,2.77,Available
INV-00938,LOT-00938,WH-007,6.24,Available
INV-00939,LOT-00939,WH-004,1.8,Available
INV-00940,LOT-00940,WH-005,1.23,Available
INV-00941,LOT-00941,WH-003,4.7,Available
INV-00942,LOT-00942,WH-010,4.68,Available
INV-00943,LOT-00943,WH-003,9.11,Available
INV-00944,LOT-00944,WH-010,5.85,Available
INV-00945,LOT-00945,WH-004,1.01,Available
INV-00946,LOT-00946,WH-002,4.1,Available
INV-00947,LOT-00947,WH-001,6.04,Available
INV-00948,LOT-00948,WH-008,15.95,Available
INV-00949,LOT-00949,WH-004,9.9,Available
INV-00950,LOT-00950,WH-003,18.57,Available
INV-00951,LOT-00951,WH-008,3.17,Available
INV-00952,LOT-00952,WH-008,16.42,Available
INV-00953,LOT-00953,WH-006,12.72,Available
INV-00954,LOT-00954,WH-006,17.16,Available
INV-00955,LOT-00955,WH-005,11.96,Available
INV-00956,LOT-00956,WH-009,17.89,Available
INV-00957,LOT-00957,WH-006,13.0,Available
INV-00958,LOT-00958,WH-006,11.01,Available
INV-00959,LOT-00959,WH-010,10.88,Available
INV-00960,LOT-00960,WH-005,16.32,Available
INV-00961,LOT-00961,WH-004,5.3,Available
INV-00962,LOT-00962,WH-001,9.24,Available
INV-00963,LOT-00963,WH-005,7.23,Available
INV-00964,LOT-00964,WH-009,6.71,Available
INV-00965,LOT-00965,WH-007,1.97,Available
INV-00966,LOT-00966,WH-010,6.71,Available
INV-00967,LOT-00967,WH-005,3.02,Available
INV-00968,LOT-00968,WH-003,11.55,Available
INV-00969,LOT-00969,WH-004,17.73,Available
INV-00970,LOT-00970,WH-004,9.82,Available
INV-00971,LOT-00971,WH-003,18.59,Available
INV-00972,LOT-00972,WH-009,10.61,Available
INV-00973,LOT-00973,WH-007,15.11,Available
INV-00974,LOT-00974,WH-007,11.76,Available
INV-00975,LOT-00975,WH-005,2.54,Available
INV-00976,LOT-00976,WH-003,12.84,Available
INV-00977,LOT-00977,WH-002,15.72,Available
INV-00978,LOT-00978,WH-001,9.28,Available
INV-00979,LOT-00979,WH-007,3.93,Available
INV-00980,LOT-00980,WH-008,19.59,Available
INV-00981,LOT-00981,WH-006,18.81,Available
INV-00982,LOT-00982,WH-002,6.85,Available
INV-00983,LOT-00983,WH-008,17.7,Available
INV-00984,LOT-00984,WH-008,18.63,Available
INV-00985,LOT-00985,WH-007,12.18,Available
INV-00986,LOT-00986,WH-007,9.17,Available
INV-00987,LOT-00987,WH-004,6.44,Available
INV-00988,LOT-00988,WH-010,16.29,Available
INV-00989,LOT-00989,WH-006,4.02,Available
INV-00990,LOT-00990,WH-006,12.28,Available
INV-00991,LOT-00991,WH-002,2.91,Available
INV-00992,LOT-00992,WH-002,16.13,Available
INV-00993,LOT-00993,WH-001,3.85,Available
INV-00994,LOT-00994,WH-007,10.36,Available
INV-00995,LOT-00995,WH-002,18.75,Available
INV-00996,LOT-00996,WH-003,19.84,Available
INV-00997,LOT-00997,WH-001,9.95,Available
INV-00998,LOT-00998,WH-001,3.54,Available
INV-00999,LOT-00999,WH-006,13.9,Available
INV-01000,LOT-01000,WH-006,13.66,Available
INV-01001,LOT-01001,WH-002,1.77,Available
INV-01002,LOT-01002,WH-005,7.27,Available
INV-01003,LOT-01003,WH-001,19.93,Available
INV-01004,LOT-01004,WH-002,19.78,Available
INV-01005,LOT-01005,WH-010,1.0,Available
INV-01006,LOT-01006,WH-004,16.0,Available
INV-01007,LOT-01007,WH-007,16.66,Available
INV-01008,LOT-01008,WH-008,3.04,Available
INV-01009,LOT-01009,WH-010,6.54,Available
INV-01010,LOT-01010,WH-009,2.36,Available
INV-01011,LOT-01011,WH-010,6.4,Available
INV-01012,LOT-01012,WH-002,9.78,Available
INV-01013,LOT-01013,WH-005,3.99,Available
INV-01014,LOT-01014,WH-009,2.83,Available
INV-01015,LOT-01015,WH-010,5.25,Available
INV-01016,LOT-01016,WH-005,1.61,Available
INV-01017,LOT-01017,WH-006,13.64,Available
INV-01018,LOT-01018,WH-008,16.4,Available
INV-01019,LOT-01019,WH-006,19.08,Available
INV-01020,LOT-01020,WH-005,6.58,Available
INV-01021,LOT-01021,WH-007,8.94,Available
INV-01022,LOT-01022,WH-004,16.09,Available
INV-01023,LOT-01023,WH-005,13.66,Available
INV-01024,LOT-01024,WH-004,5.57,Available
INV-01025,LOT-01025,WH-003,14.36,Available
INV-01026,LOT-01026,WH-001,2.51,Available
INV-01027,LOT-01027,WH-010,17.63,Available
INV-01028,LOT-01028,WH-003,3.05,Available
INV-01029,LOT-01029,WH-008,3.4,Available
INV-01030,LOT-01030,WH-002,6.37,Available
INV-01031,LOT-01031,WH-006,14.07,Available
INV-01032,LOT-01032,WH-010,5.55,Available
INV-01033,LOT-01033,WH-008,9.27,Available
INV-01034,LOT-01034,WH-002,18.67,Available
INV-01035,LOT-01035,WH-009,14.86,Available
INV-01036,LOT-01036,WH-005,18.81,Available
INV-01037,LOT-01037,WH-004,18.02,Available
INV-01038,LOT-01038,WH-001,7.92,Available
INV-01039,LOT-01039,WH-007,4.64,Available
INV-01040,LOT-01040,WH-002,1.93,Available
INV-01041,LOT-01041,WH-005,8.4,Available
INV-01042,LOT-01042,WH-008,9.81,Available
INV-01043,LOT-01043,WH-007,15.89,Available
INV-01044,LOT-01044,WH-006,9.54,Available
INV-01045,LOT-01045,WH-006,15.16,Available
INV-01046,LOT-01046,WH-007,13.51,Available
INV-01047,LOT-01047,WH-010,17.49,Available
INV-01048,LOT-01048,WH-003,1.14,Available
INV-01049,LOT-01049,WH-003,19.13,Available
INV-01050,LOT-01050,WH-007,2.77,Available
INV-01051,LOT-01051,WH-006,3.82,Available
INV-01052,LOT-01052,WH-003,5.56,Available
INV-01053,LOT-01053,WH-010,10.41,Available
INV-01054,LOT-01054,WH-005,18.24,Available
INV-01055,LOT-01055,WH-003,8.94,Available
INV-01056,LOT-01056,WH-001,13.0,Available
INV-01057,LOT-01057,WH-006,16.2,Available
INV-01058,LOT-01058,WH-006,7.41,Available
INV-01059,LOT-01059,WH-002,10.17,Available
INV-01060,LOT-01060,WH-009,4.83,Available
INV-01061,LOT-01061,WH-003,7.32,Available
INV-01062,LOT-01062,WH-009,6.2,Available
INV-01063,LOT-01063,WH-007,17.9,Available
INV-01064,LOT-01064,WH-010,12.64,Available
INV-01065,LOT-01065,WH-010,4.74,Available
INV-01066,LOT-01066,WH-001,9.64,Available
INV-01067,LOT-01067,WH-010,11.4,Available
INV-01068,LOT-01068,WH-009,19.94,Available
INV-01069,LOT-01069,WH-008,1.85,Available
INV-01070,LOT-01070,WH-006,1.34,Available
INV-01071,LOT-01071,WH-010,12.91,Available
INV-01072,LOT-01072,WH-002,10.02,Available
INV-01073,LOT-01073,WH-007,18.65,Available
INV-01074,LOT-01074,WH-010,11.87,Available
INV-01075,LOT-01075,WH-006,16.86,Available
INV-01076,LOT-01076,WH-004,9.54,Available
INV-01077,LOT-01077,WH-005,17.94,Available
INV-01078,LOT-01078,WH-001,16.52,Available
INV-01079,LOT-01079,WH-010,5.83,Available
INV-01080,LOT-01080,WH-005,1.08,Available
INV-01081,LOT-01081,WH-004,1.77,Available
INV-01082,LOT-01082,WH-008,5.54,Available
INV-01083,LOT-01083,WH-001,9.17,Available
INV-01084,LOT-01084,WH-002,16.25,Available
INV-01085,LOT-01085,WH-005,11.17,Available
INV-01086,LOT-01086,WH-009,18.86,Available
INV-01087,LOT-01087,WH-001,10.53,Available
INV-01088,LOT-01088,WH-005,15.61,Available
INV-01089,LOT-01089,WH-001,10.44,Available
INV-01090,LOT-01090,WH-010,5.05,Available
INV-01091,LOT-01091,WH-009,6.46,Available
INV-01092,LOT-01092,WH-002,17.25,Available
INV-01093,LOT-01093,WH-007,11.65,Available
INV-01094,LOT-01094,WH-006,4.37,Available
INV-01095,LOT-01095,WH-004,1.27,Available
INV-01096,LOT-01096,WH-007,2.51,Available
INV-01097,LOT-01097,WH-004,18.98,Available
INV-01098,LOT-01098,WH-001,2.89,Available
INV-01099,LOT-01099,WH-005,4.21,Available
INV-01100,LOT-01100,WH-005,13.76,Available
INV-01101,LOT-01101,WH-007,4.08,Available
INV-01102,LOT-01102,WH-007,4.88,Available
INV-01103,LOT-01103,WH-003,7.87,Available
INV-01104,LOT-01104,WH-005,6.88,Available
INV-01105,LOT-01105,WH-009,14.14,Available
INV-01106,LOT-01106,WH-002,2.45,Available
INV-01107,LOT-01107,WH-003,17.59,Available
INV-01108,LOT-01108,WH-001,19.12,Available
INV-01109,LOT-01109,WH-002,15.79,Available
INV-01110,LOT-01110,WH-005,19.34,Available
INV-01111,LOT-01111,WH-002,15.53,Available
INV-01112,LOT-01112,WH-006,3.31,Available
INV-01113,LOT-01113,WH-009,9.84,Available
INV-01114,LOT-01114,WH-002,10.14,Available
INV-01115,LOT-01115,WH-010,6.29,Available
INV-01116,LOT-01116,WH-002,7.77,Available
INV-01117,LOT-01117,WH-002,7.71,Available
INV-01118,LOT-01118,WH-007,16.33,Available
INV-01119,LOT-01119,WH-009,18.95,Available
INV-01120,LOT-01120,WH-001,18.31,Available
INV-01121,LOT-01121,WH-010,16.28,Available
INV-01122,LOT-01122,WH-002,19.85,Available
INV-01123,LOT-01123,WH-003,3.77,Available
INV-01124,LOT-01124,WH-003,10.92,Available
INV-01125,LOT-01125,WH-009,4.69,Available
INV-01126,LOT-01126,WH-006,1.57,Available
INV-01127,LOT-01127,WH-007,16.06,Available
INV-01128,LOT-01128,WH-007,2.97,Available
INV-01129,LOT-01129,WH-009,15.74,Available
INV-01130,LOT-01130,WH-007,5.03,Available
INV-01131,LOT-01131,WH-004,12.8,Available
INV-01132,LOT-01132,WH-008,15.7,Available
INV-01133,LOT-01133,WH-002,19.55,Available
INV-01134,LOT-01134,WH-004,16.86,Available
INV-01135,LOT-01135,WH-008,11.59,Available
INV-01136,LOT-01136,WH-008,8.36,Available
INV-01137,LOT-01137,WH-006,4.78,Available
INV-01138,LOT-01138,WH-001,1.69,Available
INV-01139,LOT-01139,WH-004,1.07,Available
INV-01140,LOT-01140,WH-006,1.33,Available
INV-01141,LOT-01141,WH-006,13.33,Available
INV-01142,LOT-01142,WH-007,15.24,Available
INV-01143,LOT-01143,WH-001,19.42,Available
INV-01144,LOT-01144,WH-008,2.62,Available
INV-01145,LOT-01145,WH-002,12.3,Available
INV-01146,LOT-01146,WH-009,15.56,Available
INV-01147,LOT-01147,WH-010,3.58,Available
INV-01148,LOT-01148,WH-008,11.52,Available
INV-01149,LOT-01149,WH-009,14.79,Available
INV-01150,LOT-01150,WH-006,3.28,Available
INV-01151,LOT-01151,WH-001,15.94,Available
INV-01152,LOT-01152,WH-006,5.67,Available
INV-01153,LOT-01153,WH-009,16.62,Available
INV-01154,LOT-01154,WH-005,1.74,Available
INV-01155,LOT-01155,WH-002,2.04,Available
INV-01156,LOT-01156,WH-005,13.63,Available
INV-01157,LOT-01157,WH-003,14.22,Available
INV-01158,LOT-01158,WH-007,19.99,Available
INV-01159,LOT-01159,WH-005,7.46,Available
INV-01160,LOT-01160,WH-007,19.64,Available
INV-01161,LOT-01161,WH-009,7.91,Available
INV-01162,LOT-01162,WH-008,6.86,Available
INV-01163,LOT-01163,WH-005,8.73,Available
INV-01164,LOT-01164,WH-001,19.64,Available
INV-01165,LOT-01165,WH-006,4.51,Available
INV-01166,LOT-01166,WH-002,17.52,Available
INV-01167,LOT-01167,WH-009,12.46,Available
INV-01168,LOT-01168,WH-002,7.89,Available
INV-01169,LOT-01169,WH-002,19.52,Available
INV-01170,LOT-01170,WH-006,7.05,Available
INV-01171,LOT-01171,WH-002,4.47,Available
INV-01172,LOT-01172,WH-004,12.06,Available
INV-01173,LOT-01173,WH-002,5.4,Available
INV-01174,LOT-01174,WH-005,6.92,Available
INV-01175,LOT-01175,WH-009,15.34,Available
INV-01176,LOT-01176,WH-002,16.42,Available
INV-01177,LOT-01177,WH-009,18.77,Available
INV-01178,LOT-01178,WH-009,6.65,Available
INV-01179,LOT-01179,WH-009,13.5,Available
INV-01180,LOT-01180,WH-002,18.01,Available
INV-01181,LOT-01181,WH-001,6.93,Available
INV-01182,LOT-01182,WH-007,2.77,Available
INV-01183,LOT-01183,WH-006,6.11,Available
INV-01184,LOT-01184,WH-001,3.6,Available
INV-01185,LOT-01185,WH-002,19.03,Available
INV-01186,LOT-01186,WH-010,1.08,Available
INV-01187,LOT-01187,WH-008,1.81,Available
INV-01188,LOT-01188,WH-006,8.71,Available
INV-01189,LOT-01189,WH-002,6.02,Available
INV-01190,LOT-01190,WH-010,18.85,Available
INV-01191,LOT-01191,WH-004,2.56,Available
INV-01192,LOT-01192,WH-003,4.52,Available
INV-01193,LOT-01193,WH-010,14.31,Available
INV-01194,LOT-01194,WH-002,12.99,Available
INV-01195,LOT-01195,WH-001,9.94,Available
INV-01196,LOT-01196,WH-003,4.22,Available
INV-01197,LOT-01197,WH-009,5.53,Available
INV-01198,LOT-01198,WH-007,1.1,Available
INV-01199,LOT-01199,WH-009,17.63,Available
INV-01200,LOT-01200,WH-010,16.1,Available
INV-01201,LOT-01201,WH-004,10.36,Available
INV-01202,LOT-01202,WH-004,2.13,Available
INV-01203,LOT-01203,WH-004,12.65,Available
INV-01204,LOT-01204,WH-007,4.66,Available
INV-01205,LOT-01205,WH-009,6.56,Available
INV-01206,LOT-01206,WH-003,8.69,Available
INV-01207,LOT-01207,WH-010,8.82,Available
INV-01208,LOT-01208,WH-010,6.47,Available
INV-01209,LOT-01209,WH-004,12.71,Available
INV-01210,LOT-01210,WH-002,14.43,Available
INV-01211,LOT-01211,WH-005,13.32,Available
INV-01212,LOT-01212,WH-008,1.03,Available
INV-01213,LOT-01213,WH-002,8.71,Available
INV-01214,LOT-01214,WH-004,15.19,Available
INV-01215,LOT-01215,WH-003,11.96,Available
INV-01216,LOT-01216,WH-010,3.28,Available
INV-01217,LOT-01217,WH-004,3.52,Available
INV-01218,LOT-01218,WH-001,5.39,Available
INV-01219,LOT-01219,WH-004,15.15,Available
INV-01220,LOT-01220,WH-002,14.0,Available
INV-01221,LOT-01221,WH-003,19.34,Available
INV-01222,LOT-01222,WH-005,19.23,Available
INV-01223,LOT-01223,WH-010,1.05,Available
INV-01224,LOT-01224,WH-004,14.63,Available
INV-01225,LOT-01225,WH-001,8.85,Available
INV-01226,LOT-01226,WH-006,4.92,Available
INV-01227,LOT-01227,WH-003,3.79,Available
INV-01228,LOT-01228,WH-002,17.51,Available
INV-01229,LOT-01229,WH-006,19.57,Available
INV-01230,LOT-01230,WH-007,13.53,Available
INV-01231,LOT-01231,WH-005,9.42,Available
INV-01232,LOT-01232,WH-004,17.3,Available
INV-01233,LOT-01233,WH-003,4.93,Available
INV-01234,LOT-01234,WH-006,4.57,Available
INV-01235,LOT-01235,WH-004,10.31,Available
INV-01236,LOT-01236,WH-005,9.31,Available
INV-01237,LOT-01237,WH-005,1.06,Available
INV-01238,LOT-01238,WH-008,4.01,Available
INV-01239,LOT-01239,WH-001,15.22,Available
INV-01240,LOT-01240,WH-009,6.49,Available
INV-01241,LOT-01241,WH-007,3.1,Available
INV-01242,LOT-01242,WH-005,3.67,Available
INV-01243,LOT-01243,WH-005,4.36,Available
INV-01244,LOT-01244,WH-001,9.99,Available
INV-01245,LOT-01245,WH-009,2.24,Available
INV-01246,LOT-01246,WH-008,7.61,Available
INV-01247,LOT-01247,WH-004,9.54,Available
INV-01248,LOT-01248,WH-005,16.95,Available
INV-01249,LOT-01249,WH-007,6.12,Available
INV-01250,LOT-01250,WH-008,5.19,Available
INV-01251,LOT-01251,WH-003,1.33,Available
INV-01252,LOT-01252,WH-004,13.26,Available
INV-01253,LOT-01253,WH-007,5.16,Available
INV-01254,LOT-01254,WH-009,10.68,Available
INV-01255,LOT-01255,WH-003,3.09,Available
INV-01256,LOT-01256,WH-006,10.92,Available
INV-01257,LOT-01257,WH-002,6.16,Available
INV-01258,LOT-01258,WH-009,16.19,Available
INV-01259,LOT-01259,WH-007,1.39,Available
INV-01260,LOT-01260,WH-010,19.19,Available
INV-01261,LOT-01261,WH-002,5.58,Available
INV-01262,LOT-01262,WH-005,5.79,Available
INV-01263,LOT-01263,WH-004,15.4,Available
INV-01264,LOT-01264,WH-009,17.26,Available
INV-01265,LOT-01265,WH-010,16.18,Available
INV-01266,LOT-01266,WH-009,18.51,Available
INV-01267,LOT-01267,WH-008,19.57,Available
INV-01268,LOT-01268,WH-001,3.83,Available
INV-01269,LOT-01269,WH-001,7.22,Available
INV-01270,LOT-01270,WH-009,8.97,Available
INV-01271,LOT-01271,WH-006,1.03,Available
INV-01272,LOT-01272,WH-004,4.56,Available
INV-01273,LOT-01273,WH-005,14.7,Available
INV-01274,LOT-01274,WH-007,5.77,Available
INV-01275,LOT-01275,WH-005,12.14,Available
INV-01276,LOT-01276,WH-007,13.73,Available
INV-01277,LOT-01277,WH-010,11.74,Available
INV-01278,LOT-01278,WH-006,2.83,Available
INV-01279,LOT-01279,WH-008,12.87,Available
INV-01280,LOT-01280,WH-004,7.17,Available
INV-01281,LOT-01281,WH-006,7.78,Available
INV-01282,LOT-01282,WH-004,11.12,Available
INV-01283,LOT-01283,WH-008,5.32,Available
INV-01284,LOT-01284,WH-009,1.31,Available
INV-01285,LOT-01285,WH-002,2.96,Available
INV-01286,LOT-01286,WH-003,5.39,Available
INV-01287,LOT-01287,WH-001,4.89,Available
INV-01288,LOT-01288,WH-007,11.16,Available
INV-01289,LOT-01289,WH-002,2.95,Available
INV-01290,LOT-01290,WH-009,9.38,Available
INV-01291,LOT-01291,WH-003,5.19,Available
INV-01292,LOT-01292,WH-004,5.15,Available
INV-01293,LOT-01293,WH-002,1.7,Available
INV-01294,LOT-01294,WH-001,18.45,Available
INV-01295,LOT-01295,WH-007,3.29,Available
INV-01296,LOT-01296,WH-005,13.22,Available
INV-01297,LOT-01297,WH-008,17.97,Available
INV-01298,LOT-01298,WH-002,7.48,Available
INV-01299,LOT-01299,WH-004,12.62,Available
INV-01300,LOT-01300,WH-002,16.3,Available
INV-01301,LOT-01301,WH-010,11.2,Available
INV-01302,LOT-01302,WH-004,1.84,Available
INV-01303,LOT-01303,WH-005,11.28,Available
INV-01304,LOT-01304,WH-001,18.6,Available
INV-01305,LOT-01305,WH-008,16.52,Available
INV-01306,LOT-01306,WH-004,16.12,Available
INV-01307,LOT-01307,WH-006,2.9,Available
INV-01308,LOT-01308,WH-009,12.07,Available
INV-01309,LOT-01309,WH-010,6.28,Available
INV-01310,LOT-01310,WH-007,14.23,Available
INV-01311,LOT-01311,WH-006,15.31,Available
INV-01312,LOT-01312,WH-009,14.22,Available
INV-01313,LOT-01313,WH-001,15.04,Available
INV-01314,LOT-01314,WH-010,1.41,Available
INV-01315,LOT-01315,WH-005,4.66,Available
INV-01316,LOT-01316,WH-003,5.45,Available
INV-01317,LOT-01317,WH-001,14.92,Available
INV-01318,LOT-01318,WH-004,16.72,Available
INV-01319,LOT-01319,WH-004,3.52,Available
INV-01320,LOT-01320,WH-008,2.16,Available
INV-01321,LOT-01321,WH-008,5.29,Available
INV-01322,LOT-01322,WH-003,1.6,Available
INV-01323,LOT-01323,WH-004,7.97,Available
INV-01324,LOT-01324,WH-005,16.86,Available
INV-01325,LOT-01325,WH-007,3.92,Available
INV-01326,LOT-01326,WH-002,16.84,Available
INV-01327,LOT-01327,WH-003,10.0,Available
INV-01328,LOT-01328,WH-001,4.26,Available
INV-01329,LOT-01329,WH-001,11.13,Available
INV-01330,LOT-01330,WH-007,3.06,Available
INV-01331,LOT-01331,WH-003,5.02,Available
INV-01332,LOT-01332,WH-003,8.89,Available
INV-01333,LOT-01333,WH-007,5.36,Available
INV-01334,LOT-01334,WH-003,6.06,Available
INV-01335,LOT-01335,WH-009,14.56,Available
INV-01336,LOT-01336,WH-009,19.05,Available
INV-01337,LOT-01337,WH-010,18.08,Available
INV-01338,LOT-01338,WH-010,19.7,Available
INV-01339,LOT-01339,WH-008,3.99,Available
INV-01340,LOT-01340,WH-010,11.12,Available
INV-01341,LOT-01341,WH-010,5.1,Available
INV-01342,LOT-01342,WH-008,9.07,Available
INV-01343,LOT-01343,WH-010,16.9,Available
INV-01344,LOT-01344,WH-008,6.3,Available
INV-01345,LOT-01345,WH-005,12.52,Available
INV-01346,LOT-01346,WH-001,4.73,Available
INV-01347,LOT-01347,WH-005,8.13,Available
INV-01348,LOT-01348,WH-009,9.83,Available
INV-01349,LOT-01349,WH-002,17.62,Available
INV-01350,LOT-01350,WH-002,16.14,Available
INV-01351,LOT-01351,WH-003,18.12,Available
INV-01352,LOT-01352,WH-004,15.0,Available
INV-01353,LOT-01353,WH-009,19.04,Available
INV-01354,LOT-01354,WH-002,11.64,Available
INV-01355,LOT-01355,WH-007,18.28,Available
INV-01356,LOT-01356,WH-010,14.54,Available
INV-01357,LOT-01357,WH-003,2.0,Available
INV-01358,LOT-01358,WH-003,11.24,Available
INV-01359,LOT-01359,WH-004,16.18,Available
INV-01360,LOT-01360,WH-004,18.25,Available
INV-01361,LOT-01361,WH-009,17.31,Available
INV-01362,LOT-01362,WH-009,17.8,Available
INV-01363,LOT-01363,WH-004,11.24,Available
INV-01364,LOT-01364,WH-002,7.44,Available
INV-01365,LOT-01365,WH-009,2.78,Available
INV-01366,LOT-01366,WH-005,7.31,Available
INV-01367,LOT-01367,WH-003,16.73,Available
INV-01368,LOT-01368,WH-001,9.13,Available
INV-01369,LOT-01369,WH-004,3.65,Available
INV-01370,LOT-01370,WH-004,14.28,Available
INV-01371,LOT-01371,WH-002,10.84,Available
INV-01372,LOT-01372,WH-010,9.4,Available
INV-01373,LOT-01373,WH-007,14.7,Available
INV-01374,LOT-01374,WH-009,2.52,Available
INV-01375,LOT-01375,WH-006,9.76,Available
INV-01376,LOT-01376,WH-005,19.86,Available
INV-01377,LOT-01377,WH-006,1.57,Available
INV-01378,LOT-01378,WH-001,15.82,Available
INV-01379,LOT-01379,WH-001,17.39,Available
INV-01380,LOT-01380,WH-001,2.59,Available
INV-01381,LOT-01381,WH-003,15.39,Available
INV-01382,LOT-01382,WH-010,2.54,Available
INV-01383,LOT-01383,WH-004,10.13,Available
INV-01384,LOT-01384,WH-002,9.34,Available
INV-01385,LOT-01385,WH-009,13.3,Available
INV-01386,LOT-01386,WH-001,15.96,Available
INV-01387,LOT-01387,WH-010,1.49,Available
INV-01388,LOT-01388,WH-003,19.78,Available
INV-01389,LOT-01389,WH-006,8.2,Available
INV-01390,LOT-01390,WH-002,16.1,Available
INV-01391,LOT-01391,WH-009,13.27,Available
INV-01392,LOT-01392,WH-005,5.96,Available
INV-01393,LOT-01393,WH-002,11.37,Available
INV-01394,LOT-01394,WH-003,12.41,Available
INV-01395,LOT-01395,WH-010,11.26,Available
INV-01396,LOT-01396,WH-005,10.33,Available
INV-01397,LOT-01397,WH-002,3.86,Available
INV-01398,LOT-01398,WH-005,10.53,Available
INV-01399,LOT-01399,WH-001,6.97,Available
INV-01400,LOT-01400,WH-008,1.77,Available
INV-01401,LOT-01401,WH-007,9.88,Available
INV-01402,LOT-01402,WH-001,12.39,Available
INV-01403,LOT-01403,WH-001,13.58,Available
INV-01404,LOT-01404,WH-004,8.18,Available
INV-01405,LOT-01405,WH-006,2.69,Available
INV-01406,LOT-01406,WH-009,6.23,Available
INV-01407,LOT-01407,WH-003,8.7,Available
INV-01408,LOT-01408,WH-010,3.34,Available
INV-01409,LOT-01409,WH-007,3.84,Available
INV-01410,LOT-01410,WH-005,10.72,Available
INV-01411,LOT-01411,WH-006,8.02,Available
INV-01412,LOT-01412,WH-001,7.96,Available
INV-01413,LOT-01413,WH-003,15.92,Available
INV-01414,LOT-01414,WH-007,14.86,Available
INV-01415,LOT-01415,WH-009,14.57,Available
INV-01416,LOT-01416,WH-008,2.01,Available
INV-01417,LOT-01417,WH-004,5.57,Available
INV-01418,LOT-01418,WH-010,17.26,Available
INV-01419,LOT-01419,WH-009,9.74,Available
INV-01420,LOT-01420,WH-006,15.94,Available
INV-01421,LOT-01421,WH-001,15.67,Available
INV-01422,LOT-01422,WH-009,4.51,Available
INV-01423,LOT-01423,WH-002,2.15,Available
INV-01424,LOT-01424,WH-001,18.63,Available
INV-01425,LOT-01425,WH-007,5.8,Available
INV-01426,LOT-01426,WH-009,3.36,Available
INV-01427,LOT-01427,WH-009,18.39,Available
INV-01428,LOT-01428,WH-001,5.97,Available
INV-01429,LOT-01429,WH-005,19.28,Available
INV-01430,LOT-01430,WH-003,11.4,Available
INV-01431,LOT-01431,WH-008,10.47,Available
INV-01432,LOT-01432,WH-004,10.8,Available
INV-01433,LOT-01433,WH-007,14.65,Available
INV-01434,LOT-01434,WH-004,11.04,Available
INV-01435,LOT-01435,WH-002,8.59,Available
INV-01436,LOT-01436,WH-004,3.94,Available
INV-01437,LOT-01437,WH-002,3.69,Available
INV-01438,LOT-01438,WH-007,12.76,Available
INV-01439,LOT-01439,WH-005,14.79,Available
INV-01440,LOT-01440,WH-009,11.86,Available
INV-01441,LOT-01441,WH-005,8.75,Available
INV-01442,LOT-01442,WH-003,1.39,Available
INV-01443,LOT-01443,WH-007,15.37,Available
INV-01444,LOT-01444,WH-003,8.0,Available
INV-01445,LOT-01445,WH-009,9.19,Available
INV-01446,LOT-01446,WH-002,6.88,Available
INV-01447,LOT-01447,WH-005,2.56,Available
INV-01448,LOT-01448,WH-001,16.62,Available
INV-01449,LOT-01449,WH-005,18.96,Available
INV-01450,LOT-01450,WH-007,3.98,Available
INV-01451,LOT-01451,WH-006,15.4,Available
INV-01452,LOT-01452,WH-001,4.55,Available
INV-01453,LOT-01453,WH-004,14.7,Available
INV-01454,LOT-01454,WH-006,7.46,Available
INV-01455,LOT-01455,WH-003,6.58,Available
INV-01456,LOT-01456,WH-001,13.7,Available
INV-01457,LOT-01457,WH-008,8.17,Available
INV-01458,LOT-01458,WH-007,16.05,Available
INV-01459,LOT-01459,WH-005,10.75,Available
INV-01460,LOT-01460,WH-009,10.6,Available
INV-01461,LOT-01461,WH-001,15.67,Available
INV-01462,LOT-01462,WH-002,8.0,Available
INV-01463,LOT-01463,WH-009,14.25,Available
INV-01464,LOT-01464,WH-009,4.39,Available
INV-01465,LOT-01465,WH-005,7.3,Available
INV-01466,LOT-01466,WH-003,9.85,Available
INV-01467,LOT-01467,WH-001,13.8,Available
INV-01468,LOT-01468,WH-006,1.71,Available
INV-01469,LOT-01469,WH-001,19.87,Available
INV-01470,LOT-01470,WH-005,5.54,Available
INV-01471,LOT-01471,WH-004,4.97,Available
INV-01472,LOT-01472,WH-006,4.69,Available
INV-01473,LOT-01473,WH-009,5.9,Available
INV-01474,LOT-01474,WH-006,17.79,Available
INV-01475,LOT-01475,WH-002,8.5,Available
INV-01476,LOT-01476,WH-004,16.33,Available
INV-01477,LOT-01477,WH-002,2.71,Available
INV-01478,LOT-01478,WH-010,9.64,Available
INV-01479,LOT-01479,WH-008,14.7,Available
INV-01480,LOT-01480,WH-002,11.34,Available
INV-01481,LOT-01481,WH-010,19.54,Available
INV-01482,LOT-01482,WH-004,12.27,Available
INV-01483,LOT-01483,WH-004,10.36,Available
INV-01484,LOT-01484,WH-003,8.69,Available
INV-01485,LOT-01485,WH-006,19.99,Available
INV-01486,LOT-01486,WH-001,17.77,Available
INV-01487,LOT-01487,WH-001,14.74,Available
INV-01488,LOT-01488,WH-002,18.44,Available
INV-01489,LOT-01489,WH-010,15.47,Available
INV-01490,LOT-01490,WH-008,15.41,Available
INV-01491,LOT-01491,WH-006,19.84,Available
INV-01492,LOT-01492,WH-002,9.77,Available
INV-01493,LOT-01493,WH-009,17.31,Available
INV-01494,LOT-01494,WH-009,14.69,Available
INV-01495,LOT-01495,WH-009,17.94,Available
INV-01496,LOT-01496,WH-001,18.32,Available
INV-01497,LOT-01497,WH-004,16.59,Available
INV-01498,LOT-01498,WH-001,12.14,Available
INV-01499,LOT-01499,WH-006,15.79,Available
INV-01500,LOT-01500,WH-002,11.45,Available
INV-01501,LOT-01501,WH-010,10.95,Available
INV-01502,LOT-01502,WH-001,5.64,Available
INV-01503,LOT-01503,WH-007,7.34,Available
INV-01504,LOT-01504,WH-008,6.01,Available
INV-01505,LOT-01505,WH-005,16.64,Available
INV-01506,LOT-01506,WH-010,3.27,Available
INV-01507,LOT-01507,WH-007,18.42,Available
INV-01508,LOT-01508,WH-010,13.92,Available
INV-01509,LOT-01509,WH-007,7.99,Available
INV-01510,LOT-01510,WH-006,3.54,Available
INV-01511,LOT-01511,WH-001,2.45,Available
INV-01512,LOT-01512,WH-010,2.35,Available
INV-01513,LOT-01513,WH-002,17.55,Available
INV-01514,LOT-01514,WH-010,6.45,Available
INV-01515,LOT-01515,WH-009,6.55,Available
INV-01516,LOT-01516,WH-004,8.54,Available
INV-01517,LOT-01517,WH-008,7.52,Available
INV-01518,LOT-01518,WH-001,12.14,Available
INV-01519,LOT-01519,WH-007,4.7,Available
INV-01520,LOT-01520,WH-003,18.89,Available
INV-01521,LOT-01521,WH-010,12.44,Available
INV-01522,LOT-01522,WH-003,2.4,Available
INV-01523,LOT-01523,WH-008,6.23,Available
INV-01524,LOT-01524,WH-006,8.95,Available
INV-01525,LOT-01525,WH-002,5.85,Available
INV-01526,LOT-01526,WH-001,14.21,Available
INV-01527,LOT-01527,WH-005,3.47,Available
INV-01528,LOT-01528,WH-009,8.74,Available
INV-01529,LOT-01529,WH-001,16.76,Available
INV-01530,LOT-01530,WH-001,15.78,Available
INV-01531,LOT-01531,WH-006,5.52,Available
INV-01532,LOT-01532,WH-007,9.14,Available
INV-01533,LOT-01533,WH-001,10.87,Available
INV-01534,LOT-01534,WH-002,3.21,Available
INV-01535,LOT-01535,WH-003,9.1,Available
INV-01536,LOT-01536,WH-001,18.84,Available
INV-01537,LOT-01537,WH-004,17.62,Available
INV-01538,LOT-01538,WH-001,10.88,Available
INV-01539,LOT-01539,WH-004,7.87,Available
INV-01540,LOT-01540,WH-007,17.81,Available
INV-01541,LOT-01541,WH-002,16.55,Available
INV-01542,LOT-01542,WH-001,8.34,Available
INV-01543,LOT-01543,WH-008,2.38,Available
INV-01544,LOT-01544,WH-004,2.9,Available
INV-01545,LOT-01545,WH-003,15.58,Available
INV-01546,LOT-01546,WH-005,18.05,Available
INV-01547,LOT-01547,WH-006,1.99,Available
INV-01548,LOT-01548,WH-007,10.67,Available
INV-01549,LOT-01549,WH-003,9.29,Available
INV-01550,LOT-01550,WH-002,10.22,Available
INV-01551,LOT-01551,WH-008,9.06,Available
INV-01552,LOT-01552,WH-009,13.24,Available
INV-01553,LOT-01553,WH-003,12.8,Available
INV-01554,LOT-01554,WH-009,16.8,Available
INV-01555,LOT-01555,WH-005,15.24,Available
INV-01556,LOT-01556,WH-001,3.2,Available
INV-01557,LOT-01557,WH-005,18.03,Available
INV-01558,LOT-01558,WH-001,16.08,Available
INV-01559,LOT-01559,WH-008,15.82,Available
INV-01560,LOT-01560,WH-006,6.67,Available
INV-01561,LOT-01561,WH-008,17.39,Available
INV-01562,LOT-01562,WH-009,15.0,Available
INV-01563,LOT-01563,WH-009,3.59,Available
INV-01564,LOT-01564,WH-001,5.03,Available
INV-01565,LOT-01565,WH-006,12.68,Available
INV-01566,LOT-01566,WH-002,2.01,Available
INV-01567,LOT-01567,WH-006,9.58,Available
INV-01568,LOT-01568,WH-001,12.51,Available
INV-01569,LOT-01569,WH-001,10.64,Available
INV-01570,LOT-01570,WH-010,12.04,Available
INV-01571,LOT-01571,WH-002,16.26,Available
INV-01572,LOT-01572,WH-005,11.91,Available
INV-01573,LOT-01573,WH-001,14.58,Available
INV-01574,LOT-01574,WH-008,19.85,Available
INV-01575,LOT-01575,WH-010,16.34,Available
INV-01576,LOT-01576,WH-007,15.37,Available
INV-01577,LOT-01577,WH-010,12.85,Available
INV-01578,LOT-01578,WH-007,15.57,Available
INV-01579,LOT-01579,WH-010,16.35,Available
INV-01580,LOT-01580,WH-005,16.78,Available
INV-01581,LOT-01581,WH-010,15.43,Available
INV-01582,LOT-01582,WH-008,2.7,Available
INV-01583,LOT-01583,WH-009,6.62,Available
INV-01584,LOT-01584,WH-009,15.89,Available
INV-01585,LOT-01585,WH-010,8.3,Available
INV-01586,LOT-01586,WH-010,5.72,Available
INV-01587,LOT-01587,WH-006,11.74,Available
INV-01588,LOT-01588,WH-005,1.4,Available
INV-01589,LOT-01589,WH-009,17.86,Available
INV-01590,LOT-01590,WH-010,12.76,Available
INV-01591,LOT-01591,WH-004,19.11,Available
INV-01592,LOT-01592,WH-004,3.06,Available
INV-01593,LOT-01593,WH-004,6.59,Available
INV-01594,LOT-01594,WH-003,15.75,Available
INV-01595,LOT-01595,WH-007,8.68,Available
INV-01596,LOT-01596,WH-009,19.25,Available
INV-01597,LOT-01597,WH-001,8.75,Available
INV-01598,LOT-01598,WH-001,19.81,Available
INV-01599,LOT-01599,WH-008,3.95,Available
INV-01600,LOT-01600,WH-002,9.69,Available
INV-01601,LOT-01601,WH-007,19.47,Available
INV-01602,LOT-01602,WH-001,13.2,Available
INV-01603,LOT-01603,WH-003,15.24,Available
INV-01604,LOT-01604,WH-005,11.67,Available
INV-01605,LOT-01605,WH-004,10.88,Available
INV-01606,LOT-01606,WH-004,7.19,Available
INV-01607,LOT-01607,WH-010,18.25,Available
INV-01608,LOT-01608,WH-004,18.07,Available
INV-01609,LOT-01609,WH-009,3.63,Available
INV-01610,LOT-01610,WH-009,15.38,Available
INV-01611,LOT-01611,WH-005,16.73,Available
INV-01612,LOT-01612,WH-006,19.24,Available
INV-01613,LOT-01613,WH-002,19.65,Available
INV-01614,LOT-01614,WH-010,12.59,Available
INV-01615,LOT-01615,WH-006,1.57,Available
INV-01616,LOT-01616,WH-003,8.72,Available
INV-01617,LOT-01617,WH-006,11.35,Available
INV-01618,LOT-01618,WH-003,9.25,Available
INV-01619,LOT-01619,WH-005,2.78,Available
INV-01620,LOT-01620,WH-009,8.27,Available
INV-01621,LOT-01621,WH-007,7.55,Available
INV-01622,LOT-01622,WH-002,18.55,Available
INV-01623,LOT-01623,WH-004,1.28,Available
INV-01624,LOT-01624,WH-008,16.37,Available
INV-01625,LOT-01625,WH-002,13.77,Available
INV-01626,LOT-01626,WH-003,15.56,Available
INV-01627,LOT-01627,WH-009,6.96,Available
INV-01628,LOT-01628,WH-006,19.63,Available
INV-01629,LOT-01629,WH-002,5.79,Available
INV-01630,LOT-01630,WH-004,15.77,Available
INV-01631,LOT-01631,WH-007,11.29,Available
INV-01632,LOT-01632,WH-004,12.16,Available
INV-01633,LOT-01633,WH-005,17.15,Available
INV-01634,LOT-01634,WH-005,12.89,Available
INV-01635,LOT-01635,WH-001,17.24,Available
INV-01636,LOT-01636,WH-003,10.09,Available
INV-01637,LOT-01637,WH-004,1.02,Available
INV-01638,LOT-01638,WH-009,9.25,Available
INV-01639,LOT-01639,WH-007,18.24,Available
INV-01640,LOT-01640,WH-007,2.19,Available
INV-01641,LOT-01641,WH-001,3.22,Available
INV-01642,LOT-01642,WH-007,10.57,Available
INV-01643,LOT-01643,WH-002,2.54,Available
INV-01644,LOT-01644,WH-004,16.47,Available
INV-01645,LOT-01645,WH-006,16.65,Available
INV-01646,LOT-01646,WH-001,1.91,Available
INV-01647,LOT-01647,WH-002,8.13,Available
INV-01648,LOT-01648,WH-001,12.63,Available
INV-01649,LOT-01649,WH-005,2.52,Available
INV-01650,LOT-01650,WH-010,2.39,Available
INV-01651,LOT-01651,WH-006,2.03,Available
INV-01652,LOT-01652,WH-007,15.7,Available
INV-01653,LOT-01653,WH-009,4.72,Available
INV-01654,LOT-01654,WH-010,19.04,Available
INV-01655,LOT-01655,WH-007,12.91,Available
INV-01656,LOT-01656,WH-001,14.87,Available
INV-01657,LOT-01657,WH-004,13.11,Available
INV-01658,LOT-01658,WH-005,1.32,Available
INV-01659,LOT-01659,WH-008,9.37,Available
INV-01660,LOT-01660,WH-010,6.35,Available
INV-01661,LOT-01661,WH-003,2.11,Available
INV-01662,LOT-01662,WH-008,17.82,Available
INV-01663,LOT-01663,WH-007,15.5,Available
INV-01664,LOT-01664,WH-007,13.76,Available
INV-01665,LOT-01665,WH-010,3.61,Available
INV-01666,LOT-01666,WH-001,11.55,Available
INV-01667,LOT-01667,WH-002,15.17,Available
INV-01668,LOT-01668,WH-008,14.77,Available
INV-01669,LOT-01669,WH-008,18.53,Available
INV-01670,LOT-01670,WH-001,19.66,Available
INV-01671,LOT-01671,WH-010,14.29,Available
INV-01672,LOT-01672,WH-010,2.27,Available
INV-01673,LOT-01673,WH-005,1.43,Available
INV-01674,LOT-01674,WH-009,13.82,Available
INV-01675,LOT-01675,WH-005,2.28,Available
INV-01676,LOT-01676,WH-004,4.77,Available
INV-01677,LOT-01677,WH-008,5.41,Available
INV-01678,LOT-01678,WH-003,19.13,Available
INV-01679,LOT-01679,WH-006,7.8,Available
INV-01680,LOT-01680,WH-003,4.85,Available
INV-01681,LOT-01681,WH-007,3.07,Available
INV-01682,LOT-01682,WH-009,18.62,Available
INV-01683,LOT-01683,WH-008,1.2,Available
INV-01684,LOT-01684,WH-003,13.88,Available
INV-01685,LOT-01685,WH-002,12.46,Available
INV-01686,LOT-01686,WH-001,8.22,Available
INV-01687,LOT-01687,WH-004,15.26,Available
INV-01688,LOT-01688,WH-004,16.68,Available
INV-01689,LOT-01689,WH-006,3.51,Available
INV-01690,LOT-01690,WH-008,11.38,Available
INV-01691,LOT-01691,WH-006,8.14,Available
INV-01692,LOT-01692,WH-004,5.15,Available
INV-01693,LOT-01693,WH-002,17.94,Available
INV-01694,LOT-01694,WH-009,6.64,Available
INV-01695,LOT-01695,WH-005,12.26,Available
INV-01696,LOT-01696,WH-003,17.43,Available
INV-01697,LOT-01697,WH-006,1.91,Available
INV-01698,LOT-01698,WH-007,6.59,Available
INV-01699,LOT-01699,WH-001,19.49,Available
INV-01700,LOT-01700,WH-002,9.19,Available
INV-01701,LOT-01701,WH-005,19.9,Available
INV-01702,LOT-01702,WH-004,9.58,Available
INV-01703,LOT-01703,WH-005,16.81,Available
INV-01704,LOT-01704,WH-007,9.94,Available
INV-01705,LOT-01705,WH-002,18.63,Available
INV-01706,LOT-01706,WH-008,15.08,Available
INV-01707,LOT-01707,WH-008,13.68,Available
INV-01708,LOT-01708,WH-003,18.39,Available
INV-01709,LOT-01709,WH-002,1.27,Available
INV-01710,LOT-01710,WH-003,13.14,Available
INV-01711,LOT-01711,WH-008,17.99,Available
INV-01712,LOT-01712,WH-010,11.19,Available
INV-01713,LOT-01713,WH-003,2.94,Available
INV-01714,LOT-01714,WH-004,5.96,Available
INV-01715,LOT-01715,WH-007,4.26,Available
INV-01716,LOT-01716,WH-009,7.46,Available
INV-01717,LOT-01717,WH-008,15.9,Available
INV-01718,LOT-01718,WH-010,9.32,Available
INV-01719,LOT-01719,WH-007,17.47,Available
INV-01720,LOT-01720,WH-004,17.62,Available
INV-01721,LOT-01721,WH-009,5.62,Available
INV-01722,LOT-01722,WH-002,17.11,Available
INV-01723,LOT-01723,WH-003,11.33,Available
INV-01724,LOT-01724,WH-006,8.76,Available
INV-01725,LOT-01725,WH-006,5.35,Available
INV-01726,LOT-01726,WH-008,19.24,Available
INV-01727,LOT-01727,WH-001,10.36,Available
INV-01728,LOT-01728,WH-010,11.35,Available
INV-01729,LOT-01729,WH-007,8.65,Available
INV-01730,LOT-01730,WH-002,9.62,Available
INV-01731,LOT-01731,WH-001,8.65,Available
INV-01732,LOT-01732,WH-008,5.48,Available
INV-01733,LOT-01733,WH-007,10.85,Available
INV-01734,LOT-01734,WH-003,17.34,Available
INV-01735,LOT-01735,WH-001,7.94,Available
INV-01736,LOT-01736,WH-001,8.15,Available
INV-01737,LOT-01737,WH-003,2.6,Available
INV-01738,LOT-01738,WH-003,4.43,Available
INV-01739,LOT-01739,WH-006,7.23,Available
INV-01740,LOT-01740,WH-003,2.64,Available
INV-01741,LOT-01741,WH-007,13.9,Available
INV-01742,LOT-01742,WH-006,1.28,Available
INV-01743,LOT-01743,WH-006,11.24,Available
INV-01744,LOT-01744,WH-008,18.8,Available
INV-01745,LOT-01745,WH-005,8.69,Available
INV-01746,LOT-01746,WH-003,14.92,Available
INV-01747,LOT-01747,WH-009,13.37,Available
INV-01748,LOT-01748,WH-003,2.38,Available
INV-01749,LOT-01749,WH-010,3.64,Available
INV-01750,LOT-01750,WH-010,8.56,Available
INV-01751,LOT-01751,WH-008,15.34,Available
INV-01752,LOT-01752,WH-001,11.59,Available
INV-01753,LOT-01753,WH-009,15.68,Available
INV-01754,LOT-01754,WH-005,5.47,Available
INV-01755,LOT-01755,WH-010,12.57,Available
INV-01756,LOT-01756,WH-005,15.88,Available
INV-01757,LOT-01757,WH-001,19.11,Available
INV-01758,LOT-01758,WH-003,17.95,Available
INV-01759,LOT-01759,WH-001,17.17,Available
INV-01760,LOT-01760,WH-001,19.08,Available
INV-01761,LOT-01761,WH-004,13.58,Available
INV-01762,LOT-01762,WH-009,9.23,Available
INV-01763,LOT-01763,WH-010,14.62,Available
INV-01764,LOT-01764,WH-005,10.64,Available
INV-01765,LOT-01765,WH-005,13.32,Available
INV-01766,LOT-01766,WH-005,17.77,Available
INV-01767,LOT-01767,WH-006,17.08,Available
INV-01768,LOT-01768,WH-010,10.73,Available
INV-01769,LOT-01769,WH-002,13.3,Available
INV-01770,LOT-01770,WH-005,7.59,Available
INV-01771,LOT-01771,WH-009,10.64,Available
INV-01772,LOT-01772,WH-001,14.21,Available
INV-01773,LOT-01773,WH-008,2.74,Available
INV-01774,LOT-01774,WH-003,5.47,Available
INV-01775,LOT-01775,WH-009,8.63,Available
INV-01776,LOT-01776,WH-007,10.07,Available
INV-01777,LOT-01777,WH-009,15.61,Available
INV-01778,LOT-01778,WH-003,1.5,Available
INV-01779,LOT-01779,WH-010,9.59,Available
INV-01780,LOT-01780,WH-007,15.82,Available
INV-01781,LOT-01781,WH-010,2.21,Available
INV-01782,LOT-01782,WH-008,10.4,Available
INV-01783,LOT-01783,WH-009,10.36,Available
INV-01784,LOT-01784,WH-009,3.85,Available
INV-01785,LOT-01785,WH-010,11.92,Available
INV-01786,LOT-01786,WH-007,10.61,Available
INV-01787,LOT-01787,WH-003,16.9,Available
INV-01788,LOT-01788,WH-003,7.08,Available
INV-01789,LOT-01789,WH-010,4.73,Available
INV-01790,LOT-01790,WH-001,16.02,Available
INV-01791,LOT-01791,WH-009,7.05,Available
INV-01792,LOT-01792,WH-009,1.01,Available
INV-01793,LOT-01793,WH-003,13.96,Available
INV-01794,LOT-01794,WH-004,8.0,Available
INV-01795,LOT-01795,WH-005,17.78,Available
INV-01796,LOT-01796,WH-006,15.36,Available
INV-01797,LOT-01797,WH-007,8.24,Available
INV-01798,LOT-01798,WH-010,7.31,Available
INV-01799,LOT-01799,WH-008,11.81,Available
INV-01800,LOT-01800,WH-001,13.79,Available
INV-01801,LOT-01801,WH-003,6.31,Available
INV-01802,LOT-01802,WH-009,4.34,Available
INV-01803,LOT-01803,WH-006,17.2,Available
INV-01804,LOT-01804,WH-005,5.77,Available
INV-01805,LOT-01805,WH-009,8.47,Available
INV-01806,LOT-01806,WH-010,8.49,Available
INV-01807,LOT-01807,WH-003,7.71,Available
INV-01808,LOT-01808,WH-010,6.59,Available
INV-01809,LOT-01809,WH-004,13.05,Available
INV-01810,LOT-01810,WH-003,13.99,Available
INV-01811,LOT-01811,WH-010,17.09,Available
INV-01812,LOT-01812,WH-007,16.78,Available
INV-01813,LOT-01813,WH-004,17.46,Available
INV-01814,LOT-01814,WH-004,11.38,Available
INV-01815,LOT-01815,WH-010,18.76,Available
INV-01816,LOT-01816,WH-006,8.69,Available
INV-01817,LOT-01817,WH-005,2.51,Available
INV-01818,LOT-01818,WH-006,4.55,Available
INV-01819,LOT-01819,WH-006,14.73,Available
INV-01820,LOT-01820,WH-008,4.38,Available
INV-01821,LOT-01821,WH-006,8.39,Available
INV-01822,LOT-01822,WH-010,4.27,Available
INV-01823,LOT-01823,WH-010,5.21,Available
INV-01824,LOT-01824,WH-004,7.52,Available
INV-01825,LOT-01825,WH-010,15.85,Available
INV-01826,LOT-01826,WH-006,2.94,Available
INV-01827,LOT-01827,WH-009,3.02,Available
INV-01828,LOT-01828,WH-007,8.02,Available
INV-01829,LOT-01829,WH-001,19.08,Available
INV-01830,LOT-01830,WH-008,10.86,Available
INV-01831,LOT-01831,WH-007,19.04,Available
INV-01832,LOT-01832,WH-009,7.16,Available
INV-01833,LOT-01833,WH-010,7.09,Available
INV-01834,LOT-01834,WH-008,15.69,Available
INV-01835,LOT-01835,WH-005,16.67,Available
INV-01836,LOT-01836,WH-004,1.14,Available
INV-01837,LOT-01837,WH-005,12.93,Available
INV-01838,LOT-01838,WH-002,17.68,Available
INV-01839,LOT-01839,WH-009,16.66,Available
INV-01840,LOT-01840,WH-002,18.6,Available
INV-01841,LOT-01841,WH-002,18.36,Available
INV-01842,LOT-01842,WH-010,10.2,Available
INV-01843,LOT-01843,WH-001,4.78,Available
INV-01844,LOT-01844,WH-006,12.06,Available
INV-01845,LOT-01845,WH-005,16.08,Available
INV-01846,LOT-01846,WH-002,16.93,Available
INV-01847,LOT-01847,WH-004,8.5,Available
INV-01848,LOT-01848,WH-002,7.18,Available
INV-01849,LOT-01849,WH-008,3.04,Available
INV-01850,LOT-01850,WH-006,4.84,Available
INV-01851,LOT-01851,WH-004,14.85,Available
INV-01852,LOT-01852,WH-006,12.77,Available
INV-01853,LOT-01853,WH-004,16.53,Available
INV-01854,LOT-01854,WH-008,14.83,Available
INV-01855,LOT-01855,WH-009,2.85,Available
INV-01856,LOT-01856,WH-007,9.5,Available
INV-01857,LOT-01857,WH-006,1.87,Available
INV-01858,LOT-01858,WH-010,6.05,Available
INV-01859,LOT-01859,WH-003,14.25,Available
INV-01860,LOT-01860,WH-002,6.39,Available
INV-01861,LOT-01861,WH-002,1.67,Available
INV-01862,LOT-01862,WH-006,4.37,Available
INV-01863,LOT-01863,WH-007,12.7,Available
INV-01864,LOT-01864,WH-002,14.23,Available
INV-01865,LOT-01865,WH-009,9.98,Available
INV-01866,LOT-01866,WH-001,12.5,Available
INV-01867,LOT-01867,WH-003,15.4,Available
INV-01868,LOT-01868,WH-001,6.16,Available
INV-01869,LOT-01869,WH-003,5.47,Available
INV-01870,LOT-01870,WH-009,11.01,Available
INV-01871,LOT-01871,WH-006,8.64,Available
INV-01872,LOT-01872,WH-003,18.77,Available
INV-01873,LOT-01873,WH-009,16.37,Available
INV-01874,LOT-01874,WH-007,8.91,Available
INV-01875,LOT-01875,WH-006,17.42,Available
INV-01876,LOT-01876,WH-010,10.62,Available
INV-01877,LOT-01877,WH-008,11.24,Available
INV-01878,LOT-01878,WH-005,6.67,Available
INV-01879,LOT-01879,WH-003,3.63,Available
INV-01880,LOT-01880,WH-006,10.69,Available
INV-01881,LOT-01881,WH-005,11.29,Available
INV-01882,LOT-01882,WH-006,14.92,Available
INV-01883,LOT-01883,WH-007,19.33,Available
INV-01884,LOT-01884,WH-006,15.96,Available
INV-01885,LOT-01885,WH-010,6.47,Available
INV-01886,LOT-01886,WH-009,3.45,Available
INV-01887,LOT-01887,WH-010,18.3,Available
INV-01888,LOT-01888,WH-002,16.44,Available
INV-01889,LOT-01889,WH-007,19.72,Available
INV-01890,LOT-01890,WH-001,3.59,Available
INV-01891,LOT-01891,WH-001,17.77,Available
INV-01892,LOT-01892,WH-001,3.96,Available
INV-01893,LOT-01893,WH-005,8.08,Available
INV-01894,LOT-01894,WH-004,12.14,Available
INV-01895,LOT-01895,WH-004,2.38,Available
INV-01896,LOT-01896,WH-004,3.49,Available
INV-01897,LOT-01897,WH-002,16.19,Available
INV-01898,LOT-01898,WH-006,2.32,Available
INV-01899,LOT-01899,WH-001,7.16,Available
INV-01900,LOT-01900,WH-008,1.64,Available
INV-01901,LOT-01901,WH-004,13.03,Available
INV-01902,LOT-01902,WH-007,11.56,Available
INV-01903,LOT-01903,WH-003,13.96,Available
INV-01904,LOT-01904,WH-005,6.76,Available
INV-01905,LOT-01905,WH-009,10.97,Available
INV-01906,LOT-01906,WH-007,8.33,Available
INV-01907,LOT-01907,WH-010,19.91,Available
INV-01908,LOT-01908,WH-008,3.74,Available
INV-01909,LOT-01909,WH-004,9.04,Available
INV-01910,LOT-01910,WH-008,14.67,Available
INV-01911,LOT-01911,WH-005,13.22,Available
INV-01912,LOT-01912,WH-003,15.19,Available
INV-01913,LOT-01913,WH-003,7.96,Available
INV-01914,LOT-01914,WH-009,19.71,Available
INV-01915,LOT-01915,WH-003,18.47,Available
INV-01916,LOT-01916,WH-005,4.97,Available
INV-01917,LOT-01917,WH-002,10.99,Available
INV-01918,LOT-01918,WH-003,14.44,Available
INV-01919,LOT-01919,WH-002,15.0,Available
INV-01920,LOT-01920,WH-004,16.89,Available
INV-01921,LOT-01921,WH-003,4.8,Available
INV-01922,LOT-01922,WH-003,17.69,Available
INV-01923,LOT-01923,WH-001,12.91,Available
INV-01924,LOT-01924,WH-010,2.76,Available
INV-01925,LOT-01925,WH-007,15.03,Available
INV-01926,LOT-01926,WH-002,10.87,Available
INV-01927,LOT-01927,WH-007,5.99,Available
INV-01928,LOT-01928,WH-003,4.88,Available
INV-01929,LOT-01929,WH-009,9.8,Available
INV-01930,LOT-01930,WH-001,11.12,Available
INV-01931,LOT-01931,WH-008,8.68,Available
INV-01932,LOT-01932,WH-002,13.64,Available
INV-01933,LOT-01933,WH-003,15.95,Available
INV-01934,LOT-01934,WH-006,10.12,Available
INV-01935,LOT-01935,WH-006,5.95,Available
INV-01936,LOT-01936,WH-006,11.68,Available
INV-01937,LOT-01937,WH-005,10.19,Available
INV-01938,LOT-01938,WH-007,3.94,Available
INV-01939,LOT-01939,WH-010,18.9,Available
INV-01940,LOT-01940,WH-006,3.71,Available
INV-01941,LOT-01941,WH-002,10.71,Available
INV-01942,LOT-01942,WH-008,8.27,Available
INV-01943,LOT-01943,WH-009,5.58,Available
INV-01944,LOT-01944,WH-002,8.46,Available
INV-01945,LOT-01945,WH-009,17.51,Available
INV-01946,LOT-01946,WH-008,19.25,Available
INV-01947,LOT-01947,WH-008,4.34,Available
INV-01948,LOT-01948,WH-008,14.06,Available
INV-01949,LOT-01949,WH-004,9.42,Available
INV-01950,LOT-01950,WH-004,18.59,Available
INV-01951,LOT-01951,WH-010,19.37,Available
INV-01952,LOT-01952,WH-001,7.19,Available
INV-01953,LOT-01953,WH-003,3.95,Available
INV-01954,LOT-01954,WH-010,18.28,Available
INV-01955,LOT-01955,WH-004,15.08,Available
INV-01956,LOT-01956,WH-003,19.15,Available
INV-01957,LOT-01957,WH-007,16.19,Available
INV-01958,LOT-01958,WH-010,2.43,Available
INV-01959,LOT-01959,WH-005,5.49,Available
INV-01960,LOT-01960,WH-009,3.73,Available
INV-01961,LOT-01961,WH-003,7.18,Available
INV-01962,LOT-01962,WH-006,14.35,Available
INV-01963,LOT-01963,WH-004,16.0,Available
INV-01964,LOT-01964,WH-009,4.86,Available
INV-01965,LOT-01965,WH-009,18.85,Available
INV-01966,LOT-01966,WH-005,8.94,Available
INV-01967,LOT-01967,WH-008,14.77,Available
INV-01968,LOT-01968,WH-008,15.01,Available
INV-01969,LOT-01969,WH-008,5.16,Available
INV-01970,LOT-01970,WH-007,6.51,Available
INV-01971,LOT-01971,WH-001,11.85,Available
INV-01972,LOT-01972,WH-005,17.44,Available
INV-01973,LOT-01973,WH-010,16.4,Available
INV-01974,LOT-01974,WH-008,12.61,Available
INV-01975,LOT-01975,WH-002,4.43,Available
INV-01976,LOT-01976,WH-008,12.47,Available
INV-01977,LOT-01977,WH-010,9.34,Available
INV-01978,LOT-01978,WH-003,11.85,Available
INV-01979,LOT-01979,WH-008,2.33,Available
INV-01980,LOT-01980,WH-001,7.29,Available
INV-01981,LOT-01981,WH-010,9.9,Available
INV-01982,LOT-01982,WH-009,18.3,Available
INV-01983,LOT-01983,WH-002,5.07,Available
INV-01984,LOT-01984,WH-006,3.63,Available
INV-01985,LOT-01985,WH-009,18.97,Available
INV-01986,LOT-01986,WH-009,5.62,Available
INV-01987,LOT-01987,WH-003,1.53,Available
INV-01988,LOT-01988,WH-002,3.56,Available
INV-01989,LOT-01989,WH-006,8.55,Available
INV-01990,LOT-01990,WH-001,11.41,Available
INV-01991,LOT-01991,WH-003,1.72,Available
INV-01992,LOT-01992,WH-001,6.04,Available
INV-01993,LOT-01993,WH-009,10.29,Available
INV-01994,LOT-01994,WH-008,10.85,Available
INV-01995,LOT-01995,WH-009,17.41,Available
INV-01996,LOT-01996,WH-008,7.64,Available
INV-01997,LOT-01997,WH-004,14.17,Available
INV-01998,LOT-01998,WH-006,13.68,Available
INV-01999,LOT-01999,WH-006,4.51,Available
INV-02000,LOT-02000,WH-009,8.49,Available
INV-02001,LOT-02001,WH-001,16.18,Available
INV-02002,LOT-02002,WH-001,4.84,Available
INV-02003,LOT-02003,WH-005,19.58,Available
INV-02004,LOT-02004,WH-004,18.53,Available
INV-02005,LOT-02005,WH-002,16.48,Available
INV-02006,LOT-02006,WH-010,7.09,Available
INV-02007,LOT-02007,WH-008,2.26,Available
INV-02008,LOT-02008,WH-003,19.13,Available
INV-02009,LOT-02009,WH-010,18.07,Available
INV-02010,LOT-02010,WH-002,1.43,Available
INV-02011,LOT-02011,WH-003,13.22,Available
INV-02012,LOT-02012,WH-003,15.81,Available
INV-02013,LOT-02013,WH-010,15.24,Available
INV-02014,LOT-02014,WH-001,2.76,Available
INV-02015,LOT-02015,WH-004,10.08,Available
INV-02016,LOT-02016,WH-009,4.66,Available
INV-02017,LOT-02017,WH-010,16.64,Available
INV-02018,LOT-02018,WH-001,11.95,Available
INV-02019,LOT-02019,WH-008,2.57,Available
INV-02020,LOT-02020,WH-010,10.5,Available
INV-02021,LOT-02021,WH-010,19.38,Available
INV-02022,LOT-02022,WH-003,8.56,Available
INV-02023,LOT-02023,WH-003,14.9,Available
INV-02024,LOT-02024,WH-002,4.94,Available
INV-02025,LOT-02025,WH-002,17.47,Available
INV-02026,LOT-02026,WH-008,8.79,Available
INV-02027,LOT-02027,WH-003,2.02,Available
INV-02028,LOT-02028,WH-010,15.66,Available
INV-02029,LOT-02029,WH-002,3.2,Available
INV-02030,LOT-02030,WH-007,8.65,Available
INV-02031,LOT-02031,WH-003,18.35,Available
INV-02032,LOT-02032,WH-001,3.3,Available
INV-02033,LOT-02033,WH-001,9.48,Available
INV-02034,LOT-02034,WH-006,13.57,Available
INV-02035,LOT-02035,WH-009,15.44,Available
INV-02036,LOT-02036,WH-004,4.76,Available
INV-02037,LOT-02037,WH-010,15.19,Available
INV-02038,LOT-02038,WH-004,1.7,Available
INV-02039,LOT-02039,WH-010,4.66,Available
INV-02040,LOT-02040,WH-007,7.41,Available
INV-02041,LOT-02041,WH-009,1.25,Available
INV-02042,LOT-02042,WH-003,9.65,Available
INV-02043,LOT-02043,WH-005,15.76,Available
INV-02044,LOT-02044,WH-002,3.84,Available
INV-02045,LOT-02045,WH-005,4.35,Available
INV-02046,LOT-02046,WH-002,6.4,Available
INV-02047,LOT-02047,WH-009,13.98,Available
INV-02048,LOT-02048,WH-009,3.67,Available
INV-02049,LOT-02049,WH-006,17.34,Available
INV-02050,LOT-02050,WH-010,13.63,Available
INV-02051,LOT-02051,WH-003,3.85,Available
INV-02052,LOT-02052,WH-005,8.14,Available
INV-02053,LOT-02053,WH-001,16.96,Available
INV-02054,LOT-02054,WH-010,4.68,Available
INV-02055,LOT-02055,WH-006,19.9,Available
INV-02056,LOT-02056,WH-006,14.71,Available
INV-02057,LOT-02057,WH-002,16.4,Available
INV-02058,LOT-02058,WH-001,16.3,Available
INV-02059,LOT-02059,WH-004,14.6,Available
INV-02060,LOT-02060,WH-010,12.33,Available
INV-02061,LOT-02061,WH-003,15.81,Available
INV-02062,LOT-02062,WH-010,10.43,Available
INV-02063,LOT-02063,WH-001,15.75,Available
INV-02064,LOT-02064,WH-004,19.41,Available
INV-02065,LOT-02065,WH-002,3.7,Available
INV-02066,LOT-02066,WH-004,9.05,Available
INV-02067,LOT-02067,WH-006,11.44,Available
INV-02068,LOT-02068,WH-009,7.97,Available
INV-02069,LOT-02069,WH-005,15.49,Available
INV-02070,LOT-02070,WH-003,5.03,Available
INV-02071,LOT-02071,WH-001,5.93,Available
INV-02072,LOT-02072,WH-002,17.87,Available
INV-02073,LOT-02073,WH-003,1.49,Available
INV-02074,LOT-02074,WH-008,18.67,Available
INV-02075,LOT-02075,WH-007,3.34,Available
INV-02076,LOT-02076,WH-010,4.08,Available
INV-02077,LOT-02077,WH-004,11.59,Available
INV-02078,LOT-02078,WH-005,2.15,Available
INV-02079,LOT-02079,WH-010,12.77,Available
INV-02080,LOT-02080,WH-008,14.66,Available
INV-02081,LOT-02081,WH-002,9.19,Available
INV-02082,LOT-02082,WH-010,1.43,Available
INV-02083,LOT-02083,WH-004,3.47,Available
INV-02084,LOT-02084,WH-005,11.09,Available
INV-02085,LOT-02085,WH-002,7.51,Available
INV-02086,LOT-02086,WH-005,19.11,Available
INV-02087,LOT-02087,WH-003,16.73,Available
INV-02088,LOT-02088,WH-001,5.21,Available
INV-02089,LOT-02089,WH-005,1.62,Available
INV-02090,LOT-02090,WH-001,3.37,Available
INV-02091,LOT-02091,WH-010,7.9,Available
INV-02092,LOT-02092,WH-007,19.18,Available
INV-02093,LOT-02093,WH-010,18.37,Available
INV-02094,LOT-02094,WH-008,8.0,Available
INV-02095,LOT-02095,WH-005,12.84,Available
INV-02096,LOT-02096,WH-006,9.41,Available
INV-02097,LOT-02097,WH-006,8.07,Available
INV-02098,LOT-02098,WH-007,17.03,Available
INV-02099,LOT-02099,WH-004,5.77,Available
INV-02100,LOT-02100,WH-002,3.6,Available
INV-02101,LOT-02101,WH-005,9.77,Available
INV-02102,LOT-02102,WH-001,3.1,Available
INV-02103,LOT-02103,WH-009,2.13,Available
INV-02104,LOT-02104,WH-002,16.15,Available
INV-02105,LOT-02105,WH-009,3.33,Available
INV-02106,LOT-02106,WH-004,1.51,Available
INV-02107,LOT-02107,WH-007,11.52,Available
INV-02108,LOT-02108,WH-002,9.54,Available
INV-02109,LOT-02109,WH-005,15.51,Available
INV-02110,LOT-02110,WH-002,10.29,Available
INV-02111,LOT-02111,WH-007,10.81,Available
INV-02112,LOT-02112,WH-009,1.25,Available
INV-02113,LOT-02113,WH-002,16.43,Available
INV-02114,LOT-02114,WH-006,9.51,Available
INV-02115,LOT-02115,WH-003,12.26,Available
INV-02116,LOT-02116,WH-002,19.51,Available
INV-02117,LOT-02117,WH-001,9.81,Available
INV-02118,LOT-02118,WH-004,10.66,Available
INV-02119,LOT-02119,WH-007,9.61,Available
INV-02120,LOT-02120,WH-004,2.02,Available
INV-02121,LOT-02121,WH-004,7.31,Available
INV-02122,LOT-02122,WH-001,16.45,Available
INV-02123,LOT-02123,WH-005,7.86,Available
INV-02124,LOT-02124,WH-009,19.12,Available
INV-02125,LOT-02125,WH-008,6.7,Available
INV-02126,LOT-02126,WH-007,4.32,Available
INV-02127,LOT-02127,WH-004,1.47,Available
INV-02128,LOT-02128,WH-010,9.27,Available
INV-02129,LOT-02129,WH-006,11.1,Available
INV-02130,LOT-02130,WH-009,13.85,Available
INV-02131,LOT-02131,WH-008,9.09,Available
INV-02132,LOT-02132,WH-007,12.33,Available
INV-02133,LOT-02133,WH-008,1.56,Available
INV-02134,LOT-02134,WH-002,11.66,Available
INV-02135,LOT-02135,WH-006,4.78,Available
INV-02136,LOT-02136,WH-004,12.53,Available
INV-02137,LOT-02137,WH-003,16.63,Available
INV-02138,LOT-02138,WH-008,18.52,Available
INV-02139,LOT-02139,WH-007,17.9,Available
INV-02140,LOT-02140,WH-007,16.64,Available
INV-02141,LOT-02141,WH-002,7.71,Available
INV-02142,LOT-02142,WH-002,10.97,Available
INV-02143,LOT-02143,WH-003,14.29,Available
INV-02144,LOT-02144,WH-008,1.36,Available
INV-02145,LOT-02145,WH-001,19.62,Available
INV-02146,LOT-02146,WH-007,8.88,Available
INV-02147,LOT-02147,WH-002,6.9,Available
INV-02148,LOT-02148,WH-006,12.91,Available
INV-02149,LOT-02149,WH-001,15.35,Available
INV-02150,LOT-02150,WH-002,1.96,Available
INV-02151,LOT-02151,WH-010,10.23,Available
INV-02152,LOT-02152,WH-008,3.36,Available
INV-02153,LOT-02153,WH-005,1.71,Available
INV-02154,LOT-02154,WH-005,12.13,Available
INV-02155,LOT-02155,WH-009,15.6,Available
INV-02156,LOT-02156,WH-009,2.29,Available
INV-02157,LOT-02157,WH-010,15.39,Available
INV-02158,LOT-02158,WH-005,11.91,Available
INV-02159,LOT-02159,WH-006,5.74,Available
INV-02160,LOT-02160,WH-002,7.02,Available
INV-02161,LOT-02161,WH-003,1.8,Available
INV-02162,LOT-02162,WH-010,12.57,Available
INV-02163,LOT-02163,WH-001,16.35,Available
INV-02164,LOT-02164,WH-005,13.29,Available
INV-02165,LOT-02165,WH-010,16.61,Available
INV-02166,LOT-02166,WH-007,15.88,Available
INV-02167,LOT-02167,WH-009,19.8,Available
INV-02168,LOT-02168,WH-004,13.31,Available
INV-02169,LOT-02169,WH-004,9.8,Available
INV-02170,LOT-02170,WH-008,14.02,Available
INV-02171,LOT-02171,WH-007,8.26,Available
INV-02172,LOT-02172,WH-009,15.25,Available
INV-02173,LOT-02173,WH-002,8.81,Available
INV-02174,LOT-02174,WH-007,19.15,Available
INV-02175,LOT-02175,WH-003,5.11,Available
INV-02176,LOT-02176,WH-005,19.1,Available
INV-02177,LOT-02177,WH-008,10.12,Available
INV-02178,LOT-02178,WH-005,5.72,Available
INV-02179,LOT-02179,WH-003,15.48,Available
INV-02180,LOT-02180,WH-007,4.48,Available
INV-02181,LOT-02181,WH-009,13.72,Available
INV-02182,LOT-02182,WH-010,6.49,Available
INV-02183,LOT-02183,WH-010,18.33,Available
INV-02184,LOT-02184,WH-010,9.48,Available
INV-02185,LOT-02185,WH-001,2.27,Available
INV-02186,LOT-02186,WH-005,4.14,Available
INV-02187,LOT-02187,WH-007,17.11,Available
INV-02188,LOT-02188,WH-003,1.5,Available
INV-02189,LOT-02189,WH-008,1.97,Available
INV-02190,LOT-02190,WH-008,16.58,Available
INV-02191,LOT-02191,WH-009,17.04,Available
INV-02192,LOT-02192,WH-002,2.69,Available
INV-02193,LOT-02193,WH-001,16.98,Available
INV-02194,LOT-02194,WH-001,12.99,Available
INV-02195,LOT-02195,WH-005,2.81,Available
INV-02196,LOT-02196,WH-009,18.93,Available
INV-02197,LOT-02197,WH-002,5.47,Available
INV-02198,LOT-02198,WH-010,11.86,Available
INV-02199,LOT-02199,WH-010,10.58,Available
INV-02200,LOT-02200,WH-010,9.52,Available
INV-02201,LOT-02201,WH-003,18.05,Available
INV-02202,LOT-02202,WH-002,19.54,Available
INV-02203,LOT-02203,WH-001,14.89,Available
INV-02204,LOT-02204,WH-009,10.57,Available
INV-02205,LOT-02205,WH-010,19.33,Available
INV-02206,LOT-02206,WH-009,1.58,Available
INV-02207,LOT-02207,WH-002,19.44,Available
INV-02208,LOT-02208,WH-007,17.99,Available
INV-02209,LOT-02209,WH-005,11.17,Available
INV-02210,LOT-02210,WH-003,15.4,Available
INV-02211,LOT-02211,WH-008,18.99,Available
INV-02212,LOT-02212,WH-006,10.92,Available
INV-02213,LOT-02213,WH-004,11.85,Available
INV-02214,LOT-02214,WH-008,19.48,Available
INV-02215,LOT-02215,WH-006,9.32,Available
INV-02216,LOT-02216,WH-001,11.24,Available
INV-02217,LOT-02217,WH-001,16.43,Available
INV-02218,LOT-02218,WH-005,11.26,Available
INV-02219,LOT-02219,WH-007,10.01,Available
INV-02220,LOT-02220,WH-008,13.67,Available
INV-02221,LOT-02221,WH-003,17.0,Available
INV-02222,LOT-02222,WH-007,11.71,Available
INV-02223,LOT-02223,WH-005,12.32,Available
INV-02224,LOT-02224,WH-002,15.53,Available
INV-02225,LOT-02225,WH-002,18.75,Available
INV-02226,LOT-02226,WH-009,17.93,Available
INV-02227,LOT-02227,WH-010,6.14,Available
INV-02228,LOT-02228,WH-003,12.4,Available
INV-02229,LOT-02229,WH-007,11.63,Available
INV-02230,LOT-02230,WH-009,3.86,Available
INV-02231,LOT-02231,WH-007,11.99,Available
INV-02232,LOT-02232,WH-008,13.63,Available
INV-02233,LOT-02233,WH-001,6.08,Available
INV-02234,LOT-02234,WH-010,7.74,Available
INV-02235,LOT-02235,WH-002,5.91,Available
INV-02236,LOT-02236,WH-002,16.01,Available
INV-02237,LOT-02237,WH-007,3.14,Available
INV-02238,LOT-02238,WH-007,1.84,Available
INV-02239,LOT-02239,WH-009,13.2,Available
INV-02240,LOT-02240,WH-003,10.26,Available
INV-02241,LOT-02241,WH-009,11.61,Available
INV-02242,LOT-02242,WH-006,14.73,Available
INV-02243,LOT-02243,WH-006,3.03,Available
INV-02244,LOT-02244,WH-008,12.04,Available
INV-02245,LOT-02245,WH-007,4.45,Available
INV-02246,LOT-02246,WH-001,17.81,Available
INV-02247,LOT-02247,WH-007,14.34,Available
INV-02248,LOT-02248,WH-005,16.87,Available
INV-02249,LOT-02249,WH-007,8.29,Available
INV-02250,LOT-02250,WH-004,14.69,Available
INV-02251,LOT-02251,WH-010,9.16,Available
INV-02252,LOT-02252,WH-005,9.61,Available
INV-02253,LOT-02253,WH-005,3.88,Available
INV-02254,LOT-02254,WH-008,1.22,Available
INV-02255,LOT-02255,WH-009,7.42,Available
INV-02256,LOT-02256,WH-007,3.7,Available
INV-02257,LOT-02257,WH-006,12.02,Available
INV-02258,LOT-02258,WH-004,16.68,Available
INV-02259,LOT-02259,WH-007,6.23,Available
INV-02260,LOT-02260,WH-009,3.38,Available
INV-02261,LOT-02261,WH-009,19.39,Available
INV-02262,LOT-02262,WH-004,6.05,Available
INV-02263,LOT-02263,WH-007,11.12,Available
INV-02264,LOT-02264,WH-009,5.33,Available
INV-02265,LOT-02265,WH-001,17.73,Available
INV-02266,LOT-02266,WH-003,19.72,Available
INV-02267,LOT-02267,WH-007,10.11,Available
INV-02268,LOT-02268,WH-009,9.46,Available
INV-02269,LOT-02269,WH-010,2.29,Available
INV-02270,LOT-02270,WH-001,12.84,Available
INV-02271,LOT-02271,WH-002,2.69,Available
INV-02272,LOT-02272,WH-002,5.07,Available
INV-02273,LOT-02273,WH-002,12.14,Available
INV-02274,LOT-02274,WH-004,7.8,Available
INV-02275,LOT-02275,WH-010,13.16,Available
INV-02276,LOT-02276,WH-003,19.97,Available
INV-02277,LOT-02277,WH-004,14.58,Available
INV-02278,LOT-02278,WH-002,5.42,Available
INV-02279,LOT-02279,WH-008,14.67,Available
INV-02280,LOT-02280,WH-001,7.49,Available
INV-02281,LOT-02281,WH-004,1.83,Available
INV-02282,LOT-02282,WH-005,7.1,Available
INV-02283,LOT-02283,WH-009,2.79,Available
INV-02284,LOT-02284,WH-006,15.82,Available
INV-02285,LOT-02285,WH-001,18.29,Available
INV-02286,LOT-02286,WH-006,18.22,Available
INV-02287,LOT-02287,WH-005,15.26,Available
INV-02288,LOT-02288,WH-008,3.75,Available
INV-02289,LOT-02289,WH-002,12.71,Available
INV-02290,LOT-02290,WH-007,7.04,Available
INV-02291,LOT-02291,WH-001,17.59,Available
INV-02292,LOT-02292,WH-005,6.2,Available
INV-02293,LOT-02293,WH-010,8.91,Available
INV-02294,LOT-02294,WH-002,9.93,Available
INV-02295,LOT-02295,WH-008,18.03,Available
INV-02296,LOT-02296,WH-002,15.68,Available
INV-02297,LOT-02297,WH-003,14.3,Available
INV-02298,LOT-02298,WH-010,11.23,Available
INV-02299,LOT-02299,WH-009,12.98,Available
INV-02300,LOT-02300,WH-009,11.28,Available
INV-02301,LOT-02301,WH-001,17.46,Available
INV-02302,LOT-02302,WH-008,16.83,Available
INV-02303,LOT-02303,WH-003,2.84,Available
INV-02304,LOT-02304,WH-002,9.41,Available
INV-02305,LOT-02305,WH-007,10.82,Available
INV-02306,LOT-02306,WH-002,15.96,Available
INV-02307,LOT-02307,WH-006,12.83,Available
INV-02308,LOT-02308,WH-007,12.91,Available
INV-02309,LOT-02309,WH-005,11.37,Available
INV-02310,LOT-02310,WH-010,13.6,Available
INV-02311,LOT-02311,WH-010,16.29,Available
INV-02312,LOT-02312,WH-004,14.28,Available
INV-02313,LOT-02313,WH-010,8.52,Available
INV-02314,LOT-02314,WH-010,11.44,Available
INV-02315,LOT-02315,WH-005,18.68,Available
INV-02316,LOT-02316,WH-007,11.78,Available
INV-02317,LOT-02317,WH-002,7.22,Available
INV-02318,LOT-02318,WH-010,5.96,Available
INV-02319,LOT-02319,WH-006,16.27,Available
INV-02320,LOT-02320,WH-001,3.1,Available
INV-02321,LOT-02321,WH-010,3.56,Available
INV-02322,LOT-02322,WH-010,13.91,Available
INV-02323,LOT-02323,WH-001,17.05,Available
INV-02324,LOT-02324,WH-008,19.9,Available
INV-02325,LOT-02325,WH-004,14.24,Available
INV-02326,LOT-02326,WH-007,17.89,Available
INV-02327,LOT-02327,WH-001,7.67,Available
INV-02328,LOT-02328,WH-002,10.02,Available
INV-02329,LOT-02329,WH-007,13.97,Available
INV-02330,LOT-02330,WH-001,5.31,Available
INV-02331,LOT-02331,WH-010,11.22,Available
INV-02332,LOT-02332,WH-009,16.34,Available
INV-02333,LOT-02333,WH-004,9.0,Available
INV-02334,LOT-02334,WH-004,8.81,Available
INV-02335,LOT-02335,WH-003,2.9,Available
INV-02336,LOT-02336,WH-010,5.94,Available
INV-02337,LOT-02337,WH-006,12.39,Available
INV-02338,LOT-02338,WH-007,10.22,Available
INV-02339,LOT-02339,WH-001,1.47,Available
INV-02340,LOT-02340,WH-010,6.72,Available
INV-02341,LOT-02341,WH-003,6.68,Available
INV-02342,LOT-02342,WH-010,5.75,Available
INV-02343,LOT-02343,WH-001,6.57,Available
INV-02344,LOT-02344,WH-007,19.97,Available
INV-02345,LOT-02345,WH-005,15.92,Available
INV-02346,LOT-02346,WH-009,12.65,Available
INV-02347,LOT-02347,WH-007,10.45,Available
INV-02348,LOT-02348,WH-001,7.21,Available
INV-02349,LOT-02349,WH-007,5.98,Available
INV-02350,LOT-02350,WH-001,16.58,Available
INV-02351,LOT-02351,WH-005,6.98,Available
INV-02352,LOT-02352,WH-006,10.31,Available
INV-02353,LOT-02353,WH-008,7.46,Available
INV-02354,LOT-02354,WH-001,11.85,Available
INV-02355,LOT-02355,WH-005,15.59,Available
INV-02356,LOT-02356,WH-004,4.65,Available
INV-02357,LOT-02357,WH-009,16.3,Available
INV-02358,LOT-02358,WH-001,9.08,Available
INV-02359,LOT-02359,WH-004,17.28,Available
INV-02360,LOT-02360,WH-006,5.9,Available
INV-02361,LOT-02361,WH-007,17.64,Available
INV-02362,LOT-02362,WH-003,17.23,Available
INV-02363,LOT-02363,WH-003,15.64,Available
INV-02364,LOT-02364,WH-006,14.31,Available
INV-02365,LOT-02365,WH-001,3.06,Available
INV-02366,LOT-02366,WH-006,12.47,Available
INV-02367,LOT-02367,WH-006,5.35,Available
INV-02368,LOT-02368,WH-001,1.17,Available
INV-02369,LOT-02369,WH-007,4.05,Available
INV-02370,LOT-02370,WH-003,3.25,Available
INV-02371,LOT-02371,WH-003,6.59,Available
INV-02372,LOT-02372,WH-008,9.14,Available
INV-02373,LOT-02373,WH-008,14.19,Available
INV-02374,LOT-02374,WH-008,6.9,Available
INV-02375,LOT-02375,WH-003,15.51,Available
INV-02376,LOT-02376,WH-010,2.28,Available
INV-02377,LOT-02377,WH-001,2.97,Available
INV-02378,LOT-02378,WH-003,6.34,Available
INV-02379,LOT-02379,WH-002,2.75,Available
INV-02380,LOT-02380,WH-009,16.49,Available
INV-02381,LOT-02381,WH-005,11.13,Available
INV-02382,LOT-02382,WH-009,13.15,Available
INV-02383,LOT-02383,WH-001,1.12,Available
INV-02384,LOT-02384,WH-009,1.29,Available
INV-02385,LOT-02385,WH-008,12.19,Available
INV-02386,LOT-02386,WH-007,10.14,Available
INV-02387,LOT-02387,WH-008,19.84,Available
INV-02388,LOT-02388,WH-003,4.72,Available
INV-02389,LOT-02389,WH-002,4.28,Available
INV-02390,LOT-02390,WH-010,17.77,Available
INV-02391,LOT-02391,WH-006,9.44,Available
INV-02392,LOT-02392,WH-001,18.69,Available
INV-02393,LOT-02393,WH-005,9.48,Available
INV-02394,LOT-02394,WH-007,16.06,Available
INV-02395,LOT-02395,WH-003,13.13,Available
INV-02396,LOT-02396,WH-007,2.45,Available
INV-02397,LOT-02397,WH-002,18.47,Available
INV-02398,LOT-02398,WH-001,4.87,Available
INV-02399,LOT-02399,WH-005,5.35,Available
INV-02400,LOT-02400,WH-008,7.5,Available
INV-02401,LOT-02401,WH-007,7.57,Available
INV-02402,LOT-02402,WH-010,14.86,Available
INV-02403,LOT-02403,WH-009,1.91,Available
INV-02404,LOT-02404,WH-009,7.66,Available
INV-02405,LOT-02405,WH-003,8.0,Available
INV-02406,LOT-02406,WH-005,19.01,Available
INV-02407,LOT-02407,WH-003,6.89,Available
INV-02408,LOT-02408,WH-002,13.76,Available
INV-02409,LOT-02409,WH-004,10.57,Available
INV-02410,LOT-02410,WH-005,7.88,Available
INV-02411,LOT-02411,WH-005,1.9,Available
INV-02412,LOT-02412,WH-007,5.83,Available
INV-02413,LOT-02413,WH-006,6.42,Available
INV-02414,LOT-02414,WH-008,7.43,Available
INV-02415,LOT-02415,WH-003,17.53,Available
INV-02416,LOT-02416,WH-002,3.12,Available
INV-02417,LOT-02417,WH-004,3.93,Available
INV-02418,LOT-02418,WH-008,6.42,Available
INV-02419,LOT-02419,WH-009,12.68,Available
INV-02420,LOT-02420,WH-008,13.96,Available
INV-02421,LOT-02421,WH-010,14.94,Available
INV-02422,LOT-02422,WH-002,9.56,Available
INV-02423,LOT-02423,WH-007,15.52,Available
INV-02424,LOT-02424,WH-004,13.63,Available
INV-02425,LOT-02425,WH-003,10.3,Available
INV-02426,LOT-02426,WH-001,4.64,Available
INV-02427,LOT-02427,WH-009,11.24,Available
INV-02428,LOT-02428,WH-003,16.57,Available
INV-02429,LOT-02429,WH-008,7.72,Available
INV-02430,LOT-02430,WH-001,13.45,Available
INV-02431,LOT-02431,WH-001,16.22,Available
INV-02432,LOT-02432,WH-002,12.53,Available
INV-02433,LOT-02433,WH-007,19.28,Available
INV-02434,LOT-02434,WH-001,5.84,Available
INV-02435,LOT-02435,WH-004,1.63,Available
INV-02436,LOT-02436,WH-010,19.89,Available
INV-02437,LOT-02437,WH-004,7.17,Available
INV-02438,LOT-02438,WH-009,10.56,Available
INV-02439,LOT-02439,WH-003,6.07,Available
INV-02440,LOT-02440,WH-004,7.29,Available
INV-02441,LOT-02441,WH-004,17.74,Available
INV-02442,LOT-02442,WH-001,1.68,Available
INV-02443,LOT-02443,WH-002,10.78,Available
INV-02444,LOT-02444,WH-007,9.37,Available
INV-02445,LOT-02445,WH-009,6.45,Available
INV-02446,LOT-02446,WH-002,17.01,Available
INV-02447,LOT-02447,WH-006,19.79,Available
INV-02448,LOT-02448,WH-005,5.83,Available
INV-02449,LOT-02449,WH-006,5.97,Available
INV-02450,LOT-02450,WH-007,2.02,Available
INV-02451,LOT-02451,WH-009,5.0,Available
INV-02452,LOT-02452,WH-009,17.7,Available
INV-02453,LOT-02453,WH-002,10.03,Available
INV-02454,LOT-02454,WH-010,5.13,Available
INV-02455,LOT-02455,WH-009,3.04,Available
INV-02456,LOT-02456,WH-006,5.58,Available
INV-02457,LOT-02457,WH-010,3.34,Available
INV-02458,LOT-02458,WH-009,9.67,Available
INV-02459,LOT-02459,WH-009,10.74,Available
INV-02460,LOT-02460,WH-005,17.61,Available
INV-02461,LOT-02461,WH-007,16.27,Available
INV-02462,LOT-02462,WH-010,12.01,Available
INV-02463,LOT-02463,WH-010,11.03,Available
INV-02464,LOT-02464,WH-003,17.81,Available
INV-02465,LOT-02465,WH-010,2.16,Available
INV-02466,LOT-02466,WH-006,10.14,Available
INV-02467,LOT-02467,WH-003,16.91,Available
INV-02468,LOT-02468,WH-002,6.21,Available
INV-02469,LOT-02469,WH-008,13.94,Available
INV-02470,LOT-02470,WH-005,8.16,Available
INV-02471,LOT-02471,WH-001,16.39,Available
INV-02472,LOT-02472,WH-010,11.27,Available
INV-02473,LOT-02473,WH-007,14.5,Available
INV-02474,LOT-02474,WH-003,6.09,Available
INV-02475,LOT-02475,WH-004,16.8,Available
INV-02476,LOT-02476,WH-004,12.26,Available
INV-02477,LOT-02477,WH-003,10.91,Available
INV-02478,LOT-02478,WH-004,11.79,Available
INV-02479,LOT-02479,WH-002,3.87,Available
INV-02480,LOT-02480,WH-002,19.72,Available
INV-02481,LOT-02481,WH-009,10.5,Available
INV-02482,LOT-02482,WH-007,18.48,Available
INV-02483,LOT-02483,WH-003,18.93,Available
INV-02484,LOT-02484,WH-010,4.99,Available
INV-02485,LOT-02485,WH-003,10.82,Available
INV-02486,LOT-02486,WH-009,18.56,Available
INV-02487,LOT-02487,WH-010,11.58,Available
INV-02488,LOT-02488,WH-004,4.19,Available
INV-02489,LOT-02489,WH-002,1.85,Available
INV-02490,LOT-02490,WH-002,1.28,Available
INV-02491,LOT-02491,WH-004,4.34,Available
INV-02492,LOT-02492,WH-001,1.31,Available
INV-02493,LOT-02493,WH-009,8.33,Available
INV-02494,LOT-02494,WH-007,8.21,Available
INV-02495,LOT-02495,WH-001,18.29,Available
INV-02496,LOT-02496,WH-009,16.98,Available
INV-02497,LOT-02497,WH-010,13.76,Available
INV-02498,LOT-02498,WH-009,18.47,Available
INV-02499,LOT-02499,WH-008,14.58,Available
INV-02500,LOT-02500,WH-002,1.21,Available
INV-INVALID,LOT-00001,WH-007,-1.0,Available
